season,rank,team,conference,elo,wins,losses,games_played,win_pct,record,best_win_team,best_win_elo,sos,conf_champ,updated_at
2013,1,Louisville,Big East Conference,2040.6,35,5,40,0.875,35-5,Duke,2035.8,1679.6,NA,2026-06-04T06:05:36Z
2013,2,Duke,Atlantic Coast Conference,2035.8,30,6,36,0.833,30-6,Louisville,2040.6,1707.7,NA,2026-06-04T06:05:36Z
2013,3,Kansas,Big 12 Conference,2004.9,31,6,37,0.838,31-6,Ohio State,1874.5,1646.4,NA,2026-06-04T06:05:36Z
2013,4,Florida,Southeastern Conference,1994.9,29,8,37,0.784,29-8,MTSU,1839.3,1648.3,NA,2026-06-04T06:05:36Z
2013,5,Gonzaga,West Coast Conference,1985.3,32,3,35,0.914,32-3,Kansas St,1828.5,1593.4,NA,2026-06-04T06:05:36Z
2013,6,Indiana,Big Ten Conference,1978.9,29,7,36,0.806,29-7,Michigan,1969.9,1660.6,NA,2026-06-04T06:05:36Z
2013,7,Michigan,Big Ten Conference,1969.9,31,8,39,0.795,31-8,Kansas,2004.9,1684.1,NA,2026-06-04T06:05:36Z
2013,8,Syracuse,Big East Conference,1935.6,30,10,40,0.75,30-10,Louisville,2040.6,1660.2,NA,2026-06-04T06:05:36Z
2013,9,Arizona,Pac-12 Conference,1918.2,27,8,35,0.771,27-8,Florida,1994.9,1642.4,NA,2026-06-04T06:05:36Z
2013,10,New Mexico,Mountain West Conference,1907.1,29,6,35,0.829,29-6,Cincinnati,1803.5,1650.5,NA,2026-06-04T06:05:36Z
2013,11,Miami,Atlantic Coast Conference,1904.4,29,7,36,0.806,29-7,Duke,2035.8,1670,NA,2026-06-04T06:05:36Z
2013,12,Wichita St,Missouri Valley Conference,1886.5,30,9,39,0.769,30-9,Gonzaga,1985.3,1608.8,NA,2026-06-04T06:05:36Z
2013,13,Michigan St,Big Ten Conference,1877.3,27,9,36,0.75,27-9,Kansas,2004.9,1673.1,NA,2026-06-04T06:05:36Z
2013,14,Ohio State,Big Ten Conference,1874.5,29,8,37,0.784,29-8,Indiana,1978.9,1684.9,NA,2026-06-04T06:05:36Z
2013,15,Memphis,Conference USA,1861.9,31,5,36,0.861,31-5,Saint Mary's,1818.6,1592.3,NA,2026-06-04T06:05:36Z
2013,16,Creighton,Missouri Valley Conference,1861.1,28,8,36,0.778,28-8,Wichita St,1886.5,1616.2,NA,2026-06-04T06:05:36Z
2013,17,Saint Louis,Atlantic 10 Conference,1860.9,28,7,35,0.8,28-7,New Mexico,1907.1,1621.5,NA,2026-06-04T06:05:36Z
2013,18,Georgetown,Big East Conference,1860.3,25,7,32,0.781,25-7,Louisville,2040.6,1652.4,NA,2026-06-04T06:05:36Z
2013,19,VCU,Atlantic 10 Conference,1859.8,27,9,36,0.75,27-9,Memphis,1861.9,1657,NA,2026-06-04T06:05:36Z
2013,20,MTSU,Sun Belt Conference,1839.3,28,6,34,0.824,28-6,Ole Miss,1830.9,1522.2,NA,2026-06-04T06:05:36Z
2013,21,Marquette,Big East Conference,1838.4,26,9,35,0.743,26-9,Syracuse,1935.6,1666.5,NA,2026-06-04T06:05:36Z
2013,22,NC State,Atlantic Coast Conference,1838.2,24,11,35,0.686,24-11,Duke,2035.8,1626.6,NA,2026-06-04T06:05:36Z
2013,23,Ole Miss,Southeastern Conference,1830.9,27,9,36,0.75,27-9,Florida,1994.9,1583.2,NA,2026-06-04T06:05:36Z
2013,24,Bucknell,Patriot League,1830.4,28,6,34,0.824,28-6,New Mexico St,1728,1467,NA,2026-06-04T06:05:36Z
2013,25,Minnesota,Big Ten Conference,1829.1,21,13,34,0.618,21-13,Indiana,1978.9,1696.9,NA,2026-06-04T06:05:36Z
2013,26,Kansas St,Big 12 Conference,1828.5,27,8,35,0.771,27-8,Florida,1994.9,1640,NA,2026-06-04T06:05:36Z
2013,27,Pitt,Big East Conference,1826.4,24,9,33,0.727,24-9,Syracuse,1935.6,1644.5,NA,2026-06-04T06:05:36Z
2013,28,Missouri,Southeastern Conference,1822.3,23,11,34,0.676,23-11,Florida,1994.9,1616.7,NA,2026-06-04T06:05:36Z
2013,29,Saint Mary's,West Coast Conference,1818.6,28,7,35,0.8,28-7,Creighton,1861.1,1563.1,NA,2026-06-04T06:05:36Z
2013,30,Belmont,Ohio Valley Conference,1817.4,26,7,33,0.788,26-7,MTSU,1839.3,1560,NA,2026-06-04T06:05:36Z
2013,31,Oregon,Pac-12 Conference,1804.9,28,9,37,0.757,28-9,Arizona,1918.2,1610.2,NA,2026-06-04T06:05:36Z
2013,32,Cincinnati,Big East Conference,1803.5,22,12,34,0.647,22-12,Marquette,1838.4,1660,NA,2026-06-04T06:05:36Z
2013,33,Notre Dame,Big East Conference,1802.4,25,10,35,0.714,25-10,Louisville,2040.6,1639.2,NA,2026-06-04T06:05:36Z
2013,34,Akron,Mid-American Conference,1800.8,26,7,33,0.788,26-7,MTSU,1839.3,1505.3,NA,2026-06-04T06:05:36Z
2013,35,Iowa State,Big 12 Conference,1797.1,23,12,35,0.657,23-12,Kansas St,1828.5,1606.1,NA,2026-06-04T06:05:36Z
2013,36,Oklahoma St,Big 12 Conference,1794.8,24,9,33,0.727,24-9,Kansas,2004.9,1636.4,NA,2026-06-04T06:05:36Z
2013,37,Illinois,Big Ten Conference,1779.4,23,13,36,0.639,23-13,Gonzaga,1985.3,1655.2,NA,2026-06-04T06:05:36Z
2013,38,UNLV,Mountain West Conference,1779.4,25,10,35,0.714,25-10,New Mexico,1907.1,1634.5,NA,2026-06-04T06:05:36Z
2013,39,SF Austin,NA,1779.3,27,5,32,0.844,27-5,Oklahoma,1649.8,1437,NA,2026-06-04T06:05:36Z
2013,40,Wisconsin,Big Ten Conference,1774.7,23,12,35,0.657,23-12,Indiana,1978.9,1681.3,NA,2026-06-04T06:05:36Z
2013,41,San Diego St,Mountain West Conference,1772.3,23,11,34,0.676,23-11,New Mexico,1907.1,1611.3,NA,2026-06-04T06:05:36Z
2013,42,UConn,Big East Conference,1761.3,20,10,30,0.667,20-10,Syracuse,1935.6,1655.7,NA,2026-06-04T06:05:36Z
2013,43,Arizona St,Pac-12 Conference,1759.4,22,13,35,0.629,22-13,UCLA,1758,1550.7,NA,2026-06-04T06:05:36Z
2013,44,UCLA,Pac-12 Conference,1758,25,10,35,0.714,25-10,Arizona,1918.2,1664.1,NA,2026-06-04T06:05:36Z
2013,45,Colorado St,Mountain West Conference,1757.4,26,9,35,0.743,26-9,Missouri,1822.3,1623.3,NA,2026-06-04T06:05:36Z
2013,46,Valparaiso,Horizon League,1756.9,26,8,34,0.765,26-8,Detroit Mercy,1719.7,1505.4,NA,2026-06-04T06:05:36Z
2013,47,Southern Miss,Conference USA,1753.2,27,10,37,0.73,27-10,Louisiana Tech,1750.9,1581.6,NA,2026-06-04T06:05:36Z
2013,48,Baylor,Big 12 Conference,1751.1,23,14,37,0.622,23-14,Kansas,2004.9,1636.7,NA,2026-06-04T06:05:36Z
2013,49,Louisiana Tech,Western Athletic Conference,1750.9,27,7,34,0.794,27-7,Southern Miss,1753.2,1460,NA,2026-06-04T06:05:36Z
2013,50,North Carolina,Atlantic Coast Conference,1749.2,25,11,36,0.694,25-11,NC State,1838.2,1665.2,NA,2026-06-04T06:05:36Z
2013,51,Temple,Atlantic 10 Conference,1748.7,24,10,34,0.706,24-10,Syracuse,1935.6,1629.9,NA,2026-06-04T06:05:36Z
2013,52,Ohio,Mid-American Conference,1743.7,24,10,34,0.706,24-10,Richmond,1649.4,1504.6,NA,2026-06-04T06:05:36Z
2013,53,Butler,Atlantic 10 Conference,1742.1,27,9,36,0.75,27-9,Gonzaga,1985.3,1655.3,NA,2026-06-04T06:05:36Z
2013,54,Colorado,Pac-12 Conference,1740.3,21,12,33,0.636,21-12,Arizona,1918.2,1668.1,NA,2026-06-04T06:05:36Z
2013,55,Maryland,Atlantic Coast Conference,1739,25,13,38,0.658,25-13,Duke,2035.8,1605.3,NA,2026-06-04T06:05:36Z
2013,56,Virginia,Atlantic Coast Conference,1737.3,23,12,35,0.657,23-12,Duke,2035.8,1599.7,NA,2026-06-04T06:05:36Z
2013,57,Stony Brook,America East Conference,1735.6,25,8,33,0.758,25-8,E Illinois,1685.3,1432.5,NA,2026-06-04T06:05:36Z
2013,58,N Dakota St,Summit League,1733.8,24,10,34,0.706,24-10,S Dakota St,1691.6,1440.9,NA,2026-06-04T06:05:36Z
2013,59,Kentucky,Southeastern Conference,1730.5,21,12,33,0.636,21-12,Florida,1994.9,1612.3,NA,2026-06-04T06:05:36Z
2013,60,New Mexico St,Western Athletic Conference,1728,24,11,35,0.686,24-11,Southern Miss,1753.2,1504.6,NA,2026-06-04T06:05:36Z
2013,61,Weber St,Big Sky Conference,1726.9,30,7,37,0.811,30-7,Dayton,1689.5,1467.1,NA,2026-06-04T06:05:36Z
2013,62,Santa Clara,West Coast Conference,1726.4,26,12,38,0.684,26-12,Saint Louis,1860.9,1543,NA,2026-06-04T06:05:36Z
2013,63,Iowa,Big Ten Conference,1721.9,25,13,38,0.658,25-13,Minnesota,1829.1,1624.9,NA,2026-06-04T06:05:36Z
2013,64,Utah State,Western Athletic Conference,1720.2,21,10,31,0.677,21-10,New Mexico St,1728,1495.9,NA,2026-06-04T06:05:36Z
2013,65,Detroit Mercy,Horizon League,1719.7,20,13,33,0.606,20-13,Akron,1800.8,1517,NA,2026-06-04T06:05:36Z
2013,66,BYU,West Coast Conference,1716.7,24,12,36,0.667,24-12,Southern Miss,1753.2,1590.7,NA,2026-06-04T06:05:36Z
2013,67,Boise St,Mountain West Conference,1712.5,21,11,32,0.656,21-11,Creighton,1861.1,1592.2,NA,2026-06-04T06:05:36Z
2013,68,Murray St,Ohio Valley Conference,1706,21,10,31,0.677,21-10,Belmont,1817.4,1483.6,NA,2026-06-04T06:05:36Z
2013,69,E Kentucky,Ohio Valley Conference,1703.8,25,10,35,0.714,25-10,Murray St,1706,1499.6,NA,2026-06-04T06:05:36Z
2013,70,Lehigh,Patriot League,1703.2,21,10,31,0.677,21-10,Bucknell,1830.4,1442.6,NA,2026-06-04T06:05:36Z
2013,71,La Salle,Atlantic 10 Conference,1701.4,24,10,34,0.706,24-10,VCU,1859.8,1627.2,NA,2026-06-04T06:05:36Z
2013,72,Villanova,Big East Conference,1696.1,20,14,34,0.588,20-14,Louisville,2040.6,1640.3,NA,2026-06-04T06:05:36Z
2013,73,Stanford,Pac-12 Conference,1693.4,19,15,34,0.559,19-15,Oregon,1804.9,1637.2,NA,2026-06-04T06:05:36Z
2013,74,S Dakota St,Summit League,1691.6,25,10,35,0.714,25-10,New Mexico,1907.1,1469.2,NA,2026-06-04T06:05:36Z
2013,75,Davidson,Southern Conference,1689.5,26,8,34,0.765,26-8,West Virginia,1681.5,1457.9,NA,2026-06-04T06:05:36Z
2013,76,Dayton,Atlantic 10 Conference,1689.5,17,14,31,0.548,17-14,Murray St,1706,1574.3,NA,2026-06-04T06:05:36Z
2013,77,California,Pac-12 Conference,1686.5,21,12,33,0.636,21-12,Arizona,1918.2,1646.7,NA,2026-06-04T06:05:36Z
2013,78,E Illinois,Ohio Valley Conference,1685.3,11,21,32,0.344,11-21,Murray St,1706,1450.3,NA,2026-06-04T06:05:36Z
2013,79,Evansville,Missouri Valley Conference,1682.7,21,15,36,0.583,21-15,Wichita St,1886.5,1541,NA,2026-06-04T06:05:36Z
2013,80,West Virginia,Big 12 Conference,1681.5,13,19,32,0.406,13-19,E Kentucky,1703.8,1603.4,NA,2026-06-04T06:05:36Z
2013,81,Northern Iowa,Missouri Valley Conference,1681.2,21,15,36,0.583,21-15,Wichita St,1886.5,1589.8,NA,2026-06-04T06:05:36Z
2013,82,Vanderbilt,Southeastern Conference,1681,16,17,33,0.485,16-17,Kentucky,1730.5,1573.3,NA,2026-06-04T06:05:36Z
2013,83,Texas A&M,Southeastern Conference,1677.4,18,15,33,0.545,18-15,Ole Miss,1830.9,1607.7,NA,2026-06-04T06:05:36Z
2013,84,UCF,Conference USA,1677.3,20,11,31,0.645,20-11,Belmont,1817.4,1538.7,NA,2026-06-04T06:05:36Z
2013,85,W Illinois,Summit League,1675.9,22,9,31,0.71,22-9,N Dakota St,1733.8,1386.3,NA,2026-06-04T06:05:36Z
2013,86,Arkansas,Southeastern Conference,1675.3,19,13,32,0.594,19-13,Florida,1994.9,1593,NA,2026-06-04T06:05:36Z
2013,87,UT Arlington,Western Athletic Conference,1672.5,19,14,33,0.576,19-14,New Mexico St,1728,1484.6,NA,2026-06-04T06:05:36Z
2013,88,Charlotte,Atlantic 10 Conference,1670.4,21,12,33,0.636,21-12,Butler,1742.1,1588.2,NA,2026-06-04T06:05:36Z
2013,89,Georgia,Southeastern Conference,1667.6,15,17,32,0.469,15-17,Kentucky,1730.5,1597.2,NA,2026-06-04T06:05:36Z
2013,90,Harvard,Ivy League,1666.2,20,10,30,0.667,20-10,New Mexico,1907.1,1495.8,NA,2026-06-04T06:05:36Z
2013,91,FGCU,ASUN Conference,1664.6,26,11,37,0.703,26-11,Miami,1904.4,1497.8,NA,2026-06-04T06:05:36Z
2013,92,Princeton,Ivy League,1663,17,11,28,0.607,17-11,Bucknell,1830.4,1458.3,NA,2026-06-04T06:05:36Z
2013,93,Iona,Metro Atlantic Athletic Conference,1658.3,20,14,34,0.588,20-14,Georgia,1667.6,1476,NA,2026-06-04T06:05:36Z
2013,94,Providence,Big East Conference,1658,19,15,34,0.559,19-15,Cincinnati,1803.5,1625.6,NA,2026-06-04T06:05:36Z
2013,95,Montana,Big Sky Conference,1655.8,25,7,32,0.781,25-7,Weber St,1726.9,1478.6,NA,2026-06-04T06:05:36Z
2013,96,LSU,Southeastern Conference,1651.7,19,12,31,0.613,19-12,Missouri,1822.3,1590.3,NA,2026-06-04T06:05:36Z
2013,97,Longwood,Big South Conference,1649.9,8,25,33,0.242,8-25,UNC Asheville,1546.8,1376.2,NA,2026-06-04T06:05:36Z
2013,98,Washington,Pac-12 Conference,1649.9,18,16,34,0.529,18-16,Saint Louis,1860.9,1632.3,NA,2026-06-04T06:05:36Z
2013,99,Oklahoma,Big 12 Conference,1649.8,20,12,32,0.625,20-12,Kansas,2004.9,1687.6,NA,2026-06-04T06:05:36Z
2013,100,Richmond,Atlantic 10 Conference,1649.4,19,15,34,0.559,19-15,VCU,1859.8,1596.9,NA,2026-06-04T06:05:36Z
2013,101,Delaware,Colonial Athletic Association,1646.5,19,14,33,0.576,19-14,Virginia,1737.3,1492.1,NA,2026-06-04T06:05:36Z
2013,102,Loyola MD,Metro Atlantic Athletic Conference,1645.6,23,12,35,0.657,23-12,Siena,1635.3,1467.7,NA,2026-06-04T06:05:36Z
2013,103,Old Dominion,Colonial Athletic Association,1644.3,5,25,30,0.167,5-25,Virginia,1737.3,1460.3,NA,2026-06-04T06:05:36Z
2013,104,Wyoming,Mountain West Conference,1644.2,20,14,34,0.588,20-14,San Diego St,1772.3,1592.4,NA,2026-06-04T06:05:36Z
2013,105,Alabama,Southeastern Conference,1642.8,23,13,36,0.639,23-13,Kentucky,1730.5,1607.2,NA,2026-06-04T06:05:36Z
2013,106,Saint Joseph's,Atlantic 10 Conference,1641.2,18,14,32,0.562,18-14,Notre Dame,1802.4,1566.3,NA,2026-06-04T06:05:36Z
2013,107,Denver,Western Athletic Conference,1636.6,22,10,32,0.688,22-10,Louisiana Tech,1750.9,1505.6,NA,2026-06-04T06:05:36Z
2013,108,Siena,Metro Atlantic Athletic Conference,1635.3,8,24,32,0.25,8-24,Canisius,1630.1,1440.3,NA,2026-06-04T06:05:36Z
2013,109,Mercer,ASUN Conference,1633.7,24,12,36,0.667,24-12,FGCU,1664.6,1461.5,NA,2026-06-04T06:05:36Z
2013,110,Nebraska,Big Ten Conference,1632,15,18,33,0.455,15-18,Minnesota,1829.1,1653.3,NA,2026-06-04T06:05:36Z
2013,111,C Connecticut,Northeast Conference,1631.7,13,17,30,0.433,13-17,La Salle,1701.4,1477,NA,2026-06-04T06:05:36Z
2013,112,Tennessee,Southeastern Conference,1631.4,20,13,33,0.606,20-13,Florida,1994.9,1650.4,NA,2026-06-04T06:05:36Z
2013,113,Gardner-Webb,Big South Conference,1630.5,21,13,34,0.618,21-13,Longwood,1649.9,1418.1,NA,2026-06-04T06:05:36Z
2013,114,Canisius,Metro Atlantic Athletic Conference,1630.1,20,14,34,0.588,20-14,Temple,1748.7,1509.6,NA,2026-06-04T06:05:36Z
2013,115,Elon,Southern Conference,1628.7,21,12,33,0.636,21-12,FAU,1588.3,1415.2,NA,2026-06-04T06:05:36Z
2013,116,Vermont,America East Conference,1628.7,21,12,33,0.636,21-12,Stony Brook,1735.6,1451.4,NA,2026-06-04T06:05:36Z
2013,117,Charleston,Southern Conference,1625.1,24,11,35,0.686,24-11,Baylor,1751.1,1445.9,NA,2026-06-04T06:05:36Z
2013,118,Boston College,Atlantic Coast Conference,1620,16,17,33,0.485,16-17,Maryland,1739,1618.3,NA,2026-06-04T06:05:36Z
2013,119,San Francisco,West Coast Conference,1619.9,15,16,31,0.484,15-16,BYU,1716.7,1541.6,NA,2026-06-04T06:05:36Z
2013,120,Southern,Southwestern Athletic Conference,1619.1,23,10,33,0.697,23-10,Texas A&M,1677.4,1360.2,NA,2026-06-04T06:05:36Z
2013,121,NC A&T,Mid-Eastern Athletic Conference,1617.7,20,17,37,0.541,20-17,E Kentucky,1703.8,1419.6,NA,2026-06-04T06:05:36Z
2013,122,Rutgers,Big East Conference,1617.6,15,16,31,0.484,15-16,Pitt,1826.4,1631.7,NA,2026-06-04T06:05:36Z
2013,123,J'Ville St,Ohio Valley Conference,1614.1,17,11,28,0.607,17-11,Murray St,1706,1476.9,NA,2026-06-04T06:05:36Z
2013,124,UTEP,Conference USA,1613.2,18,14,32,0.562,18-14,Oregon,1804.9,1597.5,NA,2026-06-04T06:05:36Z
2013,125,Air Force,Mountain West Conference,1612.8,18,14,32,0.562,18-14,New Mexico,1907.1,1591.1,NA,2026-06-04T06:05:36Z
2013,126,St Bonaventure,Atlantic 10 Conference,1609.9,14,15,29,0.483,14-15,Temple,1748.7,1574.8,NA,2026-06-04T06:05:36Z
2013,127,UC Irvine,Big West Conference,1608.2,21,16,37,0.568,21-16,UT Arlington,1672.5,1497.7,NA,2026-06-04T06:05:36Z
2013,128,Utah Valley,NA,1605.8,14,18,32,0.438,14-18,NC A&T,1617.7,1406.3,NA,2026-06-04T06:05:36Z
2013,129,FIU,Sun Belt Conference,1604.9,18,14,32,0.562,18-14,MTSU,1839.3,1520.4,NA,2026-06-04T06:05:36Z
2013,130,Kent State,Mid-American Conference,1603,21,14,35,0.6,21-14,Akron,1800.8,1505.6,NA,2026-06-04T06:05:36Z
2013,131,St John's,Big East Conference,1601.6,17,16,33,0.515,17-16,Cincinnati,1803.5,1659,NA,2026-06-04T06:05:36Z
2013,132,UMass,Atlantic 10 Conference,1599,21,12,33,0.636,21-12,Temple,1748.7,1632.7,NA,2026-06-04T06:05:36Z
2013,133,Tennessee St,Ohio Valley Conference,1598.6,18,15,33,0.545,18-15,Belmont,1817.4,1513.5,NA,2026-06-04T06:05:36Z
2013,134,Xavier,Atlantic 10 Conference,1596.9,17,14,31,0.548,17-14,Memphis,1861.9,1616.8,NA,2026-06-04T06:05:36Z
2013,135,Illinois St,Missouri Valley Conference,1596.5,18,15,33,0.545,18-15,Creighton,1861.1,1579.6,NA,2026-06-04T06:05:36Z
2013,136,East Carolina,Conference USA,1595.7,23,12,35,0.657,23-12,Weber St,1726.9,1532.5,NA,2026-06-04T06:05:36Z
2013,137,N Colorado,Big Sky Conference,1595.5,13,18,31,0.419,13-18,Idaho St,1518.8,1455.6,NA,2026-06-04T06:05:36Z
2013,138,Morgan St,Mid-Eastern Athletic Conference,1594.7,17,15,32,0.531,17-15,NC A&T,1617.7,1387.1,NA,2026-06-04T06:05:36Z
2013,139,Arkansas St,Sun Belt Conference,1592.7,19,12,31,0.613,19-12,MTSU,1839.3,1455.4,NA,2026-06-04T06:05:36Z
2013,140,N'Western St,NA,1592.1,23,9,32,0.719,23-9,SF Austin,1779.3,1470.3,NA,2026-06-04T06:05:36Z
2013,141,Texas Southern,Southwestern Athletic Conference,1591.9,17,14,31,0.548,17-14,Southern,1619.1,1409.4,NA,2026-06-04T06:05:36Z
2013,142,Oral Roberts,NA,1591.7,20,15,35,0.571,20-15,UT Arlington,1672.5,1503.3,NA,2026-06-04T06:05:36Z
2013,143,Army,Patriot League,1589.5,16,15,31,0.516,16-15,Lafayette,1568.4,1406.1,NA,2026-06-04T06:05:36Z
2013,144,FAU,Sun Belt Conference,1588.3,14,18,32,0.438,14-18,FIU,1604.9,1471.8,NA,2026-06-04T06:05:36Z
2013,145,Washington St,Pac-12 Conference,1586.3,13,19,32,0.406,13-19,UCLA,1758,1610.5,NA,2026-06-04T06:05:36Z
2013,146,UL Monroe,Sun Belt Conference,1585.8,4,23,27,0.148,4-23,FAU,1588.3,1512.5,NA,2026-06-04T06:05:36Z
2013,147,Tulane,Conference USA,1584.9,20,15,35,0.571,20-15,Alabama,1642.8,1493.1,NA,2026-06-04T06:05:36Z
2013,148,Oregon St,Pac-12 Conference,1583.5,14,18,32,0.438,14-18,Colorado,1740.3,1603,NA,2026-06-04T06:05:36Z
2013,149,Robert Morris,Northeast Conference,1583.4,24,11,35,0.686,24-11,Ohio,1743.7,1443,NA,2026-06-04T06:05:36Z
2013,150,Hawai'i,Big West Conference,1576.7,17,15,32,0.531,17-15,UC Irvine,1608.2,1499.1,NA,2026-06-04T06:05:36Z
2013,151,Texas,Big 12 Conference,1576.6,16,18,34,0.471,16-18,Iowa State,1797.1,1615.8,NA,2026-06-04T06:05:36Z
2013,152,North Florida,ASUN Conference,1573.8,13,19,32,0.406,13-19,Kennesaw St,1544,1464.6,NA,2026-06-04T06:05:36Z
2013,153,Georgia Tech,Atlantic Coast Conference,1573.2,16,15,31,0.516,16-15,Miami,1904.4,1592.1,NA,2026-06-04T06:05:36Z
2013,154,Saint Peter's,Metro Atlantic Athletic Conference,1571,9,21,30,0.3,9-21,Iona,1658.3,1466.5,NA,2026-06-04T06:05:36Z
2013,155,Western KY,Sun Belt Conference,1569.7,20,16,36,0.556,20-16,FIU,1604.9,1528.6,NA,2026-06-04T06:05:36Z
2013,156,Tulsa,Conference USA,1569.5,17,16,33,0.515,17-16,UTEP,1613.2,1539,NA,2026-06-04T06:05:36Z
2013,157,Lafayette,Patriot League,1568.4,19,15,34,0.559,19-15,Bucknell,1830.4,1483.4,NA,2026-06-04T06:05:36Z
2013,158,Wright St,Horizon League,1565.7,23,13,36,0.639,23-13,Detroit Mercy,1719.7,1517.2,NA,2026-06-04T06:05:36Z
2013,159,USC,Pac-12 Conference,1565.6,14,18,32,0.438,14-18,Arizona,1918.2,1660.7,NA,2026-06-04T06:05:36Z
2013,160,Charleston So,Big South Conference,1564.1,19,13,32,0.594,19-13,Longwood,1649.9,1422.1,NA,2026-06-04T06:05:36Z
2013,161,Albany,America East Conference,1562.9,24,11,35,0.686,24-11,Stony Brook,1735.6,1454.9,NA,2026-06-04T06:05:36Z
2013,162,Columbia,Ivy League,1561.5,12,16,28,0.429,12-16,Villanova,1696.1,1388.5,NA,2026-06-04T06:05:36Z
2013,163,W Michigan,Mid-American Conference,1561.2,22,13,35,0.629,22-13,N Dakota St,1733.8,1502.3,NA,2026-06-04T06:05:36Z
2013,164,Florida St,Atlantic Coast Conference,1559.3,18,16,34,0.529,18-16,NC State,1838.2,1635.2,NA,2026-06-04T06:05:36Z
2013,165,Bryant,Northeast Conference,1559.1,19,12,31,0.613,19-12,Lehigh,1703.2,1468.4,NA,2026-06-04T06:05:36Z
2013,166,Mississippi St,Southeastern Conference,1556.6,10,22,32,0.312,10-22,Ole Miss,1830.9,1564.1,NA,2026-06-04T06:05:36Z
2013,167,Rice,Conference USA,1556.1,5,26,31,0.161,5-26,Houston,1538.7,1518.2,NA,2026-06-04T06:05:36Z
2013,168,Indiana St,Missouri Valley Conference,1554.4,18,15,33,0.545,18-15,Miami,1904.4,1619.5,NA,2026-06-04T06:05:36Z
2013,169,Pacific,Big West Conference,1553.7,22,13,35,0.629,22-13,Saint Mary's,1818.6,1538.5,NA,2026-06-04T06:05:36Z
2013,170,Wagner,Northeast Conference,1553.2,19,12,31,0.613,19-12,Princeton,1663,1456,NA,2026-06-04T06:05:36Z
2013,171,Presbyterian,Big South Conference,1553.1,8,24,32,0.25,8-24,Longwood,1649.9,1436.6,NA,2026-06-04T06:05:36Z
2013,172,Green Bay,Horizon League,1552.9,18,16,34,0.529,18-16,Marquette,1838.4,1502.8,NA,2026-06-04T06:05:36Z
2013,173,IUPUI,Summit League,1552.8,6,26,32,0.188,6-26,Utah Valley,1605.8,1447.1,NA,2026-06-04T06:05:36Z
2013,174,C Michigan,Mid-American Conference,1549,11,20,31,0.355,11-20,Wright St,1565.7,1469,NA,2026-06-04T06:05:36Z
2013,175,UNC Asheville,Big South Conference,1546.8,16,16,32,0.5,16-16,Longwood,1649.9,1494.6,NA,2026-06-04T06:05:36Z
2013,176,Kennesaw St,ASUN Conference,1544,3,27,30,0.1,3-27,Mercer,1633.7,1438.1,NA,2026-06-04T06:05:36Z
2013,177,Seton Hall,Big East Conference,1543.3,15,18,33,0.455,15-18,Stony Brook,1735.6,1639.5,NA,2026-06-04T06:05:36Z
2013,178,Rhode Island,Atlantic 10 Conference,1542.7,8,21,29,0.276,8-21,Saint Louis,1860.9,1588.3,NA,2026-06-04T06:05:36Z
2013,179,Towson,Colonial Athletic Association,1540.7,18,13,31,0.581,18-13,Delaware,1646.5,1459.8,NA,2026-06-04T06:05:36Z
2013,180,Stetson,ASUN Conference,1540.6,15,16,31,0.484,15-16,FGCU,1664.6,1460.2,NA,2026-06-04T06:05:36Z
2013,181,San José St,Western Athletic Conference,1540.3,9,20,29,0.31,9-20,Weber St,1726.9,1512.3,NA,2026-06-04T06:05:36Z
2013,182,Houston,Conference USA,1538.7,20,13,33,0.606,20-13,UTEP,1613.2,1510.3,NA,2026-06-04T06:05:36Z
2013,183,Delaware St,Mid-Eastern Athletic Conference,1538.5,15,18,33,0.455,15-18,Delaware,1646.5,1424.2,NA,2026-06-04T06:05:36Z
2013,184,Virginia Tech,Atlantic Coast Conference,1534.2,13,19,32,0.406,13-19,Oklahoma St,1794.8,1615.9,NA,2026-06-04T06:05:36Z
2013,185,UIC,Horizon League,1531.7,18,16,34,0.529,18-16,Colorado St,1757.4,1502.5,NA,2026-06-04T06:05:36Z
2013,186,SE Missouri St,Ohio Valley Conference,1531.2,17,16,33,0.515,17-16,Murray St,1706,1445.1,NA,2026-06-04T06:05:36Z
2013,187,New Orleans,NA,1531,8,19,27,0.296,8-19,San José St,1540.3,1394,NA,2026-06-04T06:05:36Z
2013,188,Texas A&M-CC,NA,1528.4,6,23,29,0.207,6-23,SE Louisiana,1500.3,1460.9,NA,2026-06-04T06:05:36Z
2013,189,Little Rock,Sun Belt Conference,1526.5,17,15,32,0.531,17-15,FIU,1604.9,1493,NA,2026-06-04T06:05:36Z
2013,190,UC Davis,Big West Conference,1526.4,14,17,31,0.452,14-17,N Colorado,1595.5,1478.1,NA,2026-06-04T06:05:36Z
2013,191,Bradley,Missouri Valley Conference,1525,18,17,35,0.514,18-17,E Illinois,1685.3,1546.5,NA,2026-06-04T06:05:36Z
2013,192,Long Island,Northeast Conference,1524.6,20,14,34,0.588,20-14,C Connecticut,1631.7,1448.6,NA,2026-06-04T06:05:36Z
2013,193,Wofford,Southern Conference,1524.4,13,19,32,0.406,13-19,Gardner-Webb,1630.5,1436.7,NA,2026-06-04T06:05:36Z
2013,194,Loyola Chicago,Horizon League,1523,15,16,31,0.484,15-16,Valparaiso,1756.9,1495,NA,2026-06-04T06:05:36Z
2013,195,Chicago St,NA,1521,11,22,33,0.333,11-22,Utah Valley,1605.8,1419.5,NA,2026-06-04T06:05:36Z
2013,196,NC Central,Mid-Eastern Athletic Conference,1520.6,22,9,31,0.71,22-9,Southern,1619.1,1441.1,NA,2026-06-04T06:05:36Z
2013,197,South Florida,Big East Conference,1519,12,19,31,0.387,12-19,Georgetown,1860.3,1679.2,NA,2026-06-04T06:05:36Z
2013,198,Idaho St,Big Sky Conference,1518.8,6,24,30,0.2,6-24,N Colorado,1595.5,1454.5,NA,2026-06-04T06:05:36Z
2013,199,Purdue,Big Ten Conference,1518.7,16,18,34,0.471,16-18,Minnesota,1829.1,1655.3,NA,2026-06-04T06:05:36Z
2013,200,MD-Eastern,Mid-Eastern Athletic Conference,1518.4,2,26,28,0.071,2-26,Delaware St,1538.5,1409.5,NA,2026-06-04T06:05:36Z
2013,201,CSU Northridge,Big West Conference,1518,14,17,31,0.452,14-17,Siena,1635.3,1476,NA,2026-06-04T06:05:36Z
2013,202,Boston Univ,America East Conference,1517.1,17,13,30,0.567,17-13,Vermont,1628.7,1473.7,NA,2026-06-04T06:05:36Z
2013,203,Wake Forest,Atlantic Coast Conference,1516.1,13,18,31,0.419,13-18,Miami,1904.4,1643.5,NA,2026-06-04T06:05:36Z
2013,204,Coast Car,Big South Conference,1514.4,14,15,29,0.483,14-15,Akron,1800.8,1452.7,NA,2026-06-04T06:05:36Z
2013,205,Furman,Southern Conference,1514.3,7,24,31,0.226,7-24,Presbyterian,1553.1,1398.5,NA,2026-06-04T06:05:36Z
2013,206,G Washington,Atlantic 10 Conference,1509.7,13,17,30,0.433,13-17,Dayton,1689.5,1581.4,NA,2026-06-04T06:05:36Z
2013,207,UAB,Conference USA,1506.7,16,17,33,0.485,16-17,UTEP,1613.2,1566.5,NA,2026-06-04T06:05:36Z
2013,208,George Mason,Colonial Athletic Association,1504.3,22,16,38,0.579,22-16,Virginia,1737.3,1540.3,NA,2026-06-04T06:05:36Z
2013,209,Holy Cross,Patriot League,1503.9,12,18,30,0.4,12-18,Old Dominion,1644.3,1444.1,NA,2026-06-04T06:05:36Z
2013,210,Northeastern,Colonial Athletic Association,1503.7,20,13,33,0.606,20-13,Belmont,1817.4,1494.8,NA,2026-06-04T06:05:36Z
2013,211,SC State,Mid-Eastern Athletic Conference,1501.7,6,24,30,0.2,6-24,NC A&T,1617.7,1431.6,NA,2026-06-04T06:05:36Z
2013,212,Sam Houston,NA,1500.6,17,17,34,0.5,17-17,UC Irvine,1608.2,1434.3,NA,2026-06-04T06:05:36Z
2013,213,SE Louisiana,NA,1500.3,13,18,31,0.419,13-18,SF Austin,1779.3,1492.1,NA,2026-06-04T06:05:36Z
2013,214,Youngstown St,Horizon League,1498.6,18,16,34,0.529,18-16,Valparaiso,1756.9,1490.1,NA,2026-06-04T06:05:36Z
2013,215,Morehead St,Ohio Valley Conference,1495.4,15,18,33,0.455,15-18,E Illinois,1685.3,1502.7,NA,2026-06-04T06:05:36Z
2013,216,James Madison,Colonial Athletic Association,1493.6,21,15,36,0.583,21-15,Delaware,1646.5,1478,NA,2026-06-04T06:05:36Z
2013,217,St Francis PA,Northeast Conference,1492.4,5,24,29,0.172,5-24,C Connecticut,1631.7,1431.5,NA,2026-06-04T06:05:36Z
2013,218,Grambling,Southwestern Athletic Conference,1492.2,0,28,28,0,0-28,NA,NA,1310.2,NA,2026-06-04T06:05:36Z
2013,219,Lamar,NA,1492,3,28,31,0.097,3-28,IUPUI,1552.8,1468.1,NA,2026-06-04T06:05:36Z
2013,220,Savannah State,Mid-Eastern Athletic Conference,1491.1,19,15,34,0.559,19-15,W Illinois,1675.9,1470.4,NA,2026-06-04T06:05:36Z
2013,221,Sacramento St,Big Sky Conference,1490.4,14,15,29,0.483,14-15,N Colorado,1595.5,1428.9,NA,2026-06-04T06:05:36Z
2013,222,Miss Valley St,Southwestern Athletic Conference,1489.8,5,23,28,0.179,5-23,Grambling,1492.2,1363.5,NA,2026-06-04T06:05:36Z
2013,223,SC Upstate,ASUN Conference,1489.4,16,17,33,0.485,16-17,Utah Valley,1605.8,1451.8,NA,2026-06-04T06:05:36Z
2013,224,Long Beach St,Big West Conference,1489.2,19,14,33,0.576,19-14,UC Irvine,1608.2,1546.1,NA,2026-06-04T06:05:36Z
2013,225,William & Mary,Colonial Athletic Association,1484.9,13,17,30,0.433,13-17,Old Dominion,1644.3,1418,NA,2026-06-04T06:05:36Z
2013,226,Mount St Mary,Northeast Conference,1484,18,14,32,0.562,18-14,C Connecticut,1631.7,1480.1,NA,2026-06-04T06:05:36Z
2013,227,Fordham,Atlantic 10 Conference,1482.5,7,24,31,0.226,7-24,Princeton,1663,1576.1,NA,2026-06-04T06:05:36Z
2013,228,Georgia St,Colonial Athletic Association,1477.3,15,16,31,0.484,15-16,Old Dominion,1644.3,1440.5,NA,2026-06-04T06:05:36Z
2013,229,Navy,Patriot League,1473.6,8,23,31,0.258,8-23,Army,1589.5,1445.2,NA,2026-06-04T06:05:36Z
2013,230,Chaminade,NA,1473.4,1,3,4,0.25,1-3,Texas,1576.6,1670.5,NA,2026-06-04T06:05:36Z
2013,231,Nevada,Mountain West Conference,1471.1,12,19,31,0.387,12-19,Boise St,1712.5,1603.4,NA,2026-06-04T06:05:36Z
2013,232,Rider,Metro Atlantic Athletic Conference,1470,19,15,34,0.559,19-15,Iona,1658.3,1464.4,NA,2026-06-04T06:05:36Z
2013,233,Prairie View,Southwestern Athletic Conference,1469.3,15,19,34,0.441,15-19,Houston,1538.7,1330.6,NA,2026-06-04T06:05:36Z
2013,234,High Point,Big South Conference,1468.3,17,14,31,0.548,17-14,Longwood,1649.9,1383.3,NA,2026-06-04T06:05:36Z
2013,235,St Francis BK,Northeast Conference,1466.3,12,18,30,0.4,12-18,Robert Morris,1583.4,1439.8,NA,2026-06-04T06:05:36Z
2013,236,Bakersfield,NA,1466,14,16,30,0.467,14-16,S Dakota St,1691.6,1469.1,NA,2026-06-04T06:05:36Z
2013,237,Purdue FW,Summit League,1465,16,17,33,0.485,16-17,IUPUI,1552.8,1399.2,NA,2026-06-04T06:05:36Z
2013,238,South Alabama,Sun Belt Conference,1463.8,17,13,30,0.567,17-13,FIU,1604.9,1484.6,NA,2026-06-04T06:05:36Z
2013,239,Winthrop,Big South Conference,1462.2,14,17,31,0.452,14-17,Ohio,1743.7,1454.8,NA,2026-06-04T06:05:36Z
2013,240,NJIT,NA,1461.8,16,13,29,0.552,16-13,Utah Valley,1605.8,1425.2,NA,2026-06-04T06:05:36Z
2013,241,San Diego,West Coast Conference,1459.6,16,18,34,0.471,16-18,BYU,1716.7,1581.8,NA,2026-06-04T06:05:36Z
2013,242,LMU,West Coast Conference,1458.3,11,23,34,0.324,11-23,Santa Clara,1726.4,1560.5,NA,2026-06-04T06:05:36Z
2013,243,Pepperdine,West Coast Conference,1457.5,12,18,30,0.4,12-18,UC Irvine,1608.2,1559.3,NA,2026-06-04T06:05:36Z
2013,244,Bowling Green,Mid-American Conference,1456.9,13,19,32,0.406,13-19,Detroit Mercy,1719.7,1496.6,NA,2026-06-04T06:05:36Z
2013,245,Utah,Pac-12 Conference,1454.9,15,18,33,0.455,15-18,Oregon,1804.9,1617.6,NA,2026-06-04T06:05:36Z
2013,246,South Carolina,Southeastern Conference,1452.7,14,18,32,0.438,14-18,Ole Miss,1830.9,1566.9,NA,2026-06-04T06:05:36Z
2013,247,AL-Huntsville,NA,1448.9,1,3,4,0.25,1-3,North Texas,1255.9,1428.1,NA,2026-06-04T06:05:36Z
2013,248,UNC Greensboro,Southern Conference,1446.8,9,22,31,0.29,9-22,Wofford,1524.4,1422.3,NA,2026-06-04T06:05:36Z
2013,249,Clemson,Atlantic Coast Conference,1446,13,18,31,0.419,13-18,Virginia,1737.3,1610.3,NA,2026-06-04T06:05:36Z
2013,250,W Carolina,Southern Conference,1445.6,14,19,33,0.424,14-19,Wofford,1524.4,1420.2,NA,2026-06-04T06:05:36Z
2013,251,E Michigan,Mid-American Conference,1436.7,16,18,34,0.471,16-18,E Illinois,1685.3,1483.5,NA,2026-06-04T06:05:36Z
2013,252,Fullerton,Big West Conference,1431.6,14,18,32,0.438,14-18,Texas Southern,1591.9,1480.2,NA,2026-06-04T06:05:36Z
2013,253,SMU,Conference USA,1428.6,15,17,32,0.469,15-17,Tulane,1584.9,1491.6,NA,2026-06-04T06:05:36Z
2013,254,Duquesne,Atlantic 10 Conference,1423.6,8,22,30,0.267,8-22,Temple,1748.7,1595,NA,2026-06-04T06:05:36Z
2013,255,UC Riverside,Big West Conference,1423.3,6,25,31,0.194,6-25,UC Irvine,1608.2,1446.3,NA,2026-06-04T06:05:36Z
2013,256,Niagara,Metro Atlantic Athletic Conference,1420.7,19,14,33,0.576,19-14,New Mexico St,1728,1526.1,NA,2026-06-04T06:05:36Z
2013,257,Northwestern,Big Ten Conference,1420.6,13,19,32,0.406,13-19,Minnesota,1829.1,1654.9,NA,2026-06-04T06:05:36Z
2013,258,UCSB,Big West Conference,1420.5,11,20,31,0.355,11-20,Santa Clara,1726.4,1526.3,NA,2026-06-04T06:05:36Z
2013,259,Idaho,Western Athletic Conference,1414.5,12,18,30,0.4,12-18,UT Arlington,1672.5,1525.8,NA,2026-06-04T06:05:36Z
2013,260,Fresno St,Mountain West Conference,1410.5,11,19,30,0.367,11-19,UNLV,1779.4,1614.1,NA,2026-06-04T06:05:36Z
2013,261,Binghamton,America East Conference,1408.3,3,27,30,0.1,3-27,Saint Peter's,1571,1430.8,NA,2026-06-04T06:05:36Z
2013,262,Lipscomb,ASUN Conference,1407.5,12,18,30,0.4,12-18,FGCU,1664.6,1487.9,NA,2026-06-04T06:05:36Z
2013,263,Penn State,Big Ten Conference,1405.9,10,21,31,0.323,10-21,Michigan,1969.9,1686.6,NA,2026-06-04T06:05:36Z
2013,264,North Dakota,Big Sky Conference,1404,16,17,33,0.485,16-17,N Colorado,1595.5,1443.5,NA,2026-06-04T06:05:36Z
2013,265,S Illinois,Missouri Valley Conference,1403.2,14,17,31,0.452,14-17,Wichita St,1886.5,1540.5,NA,2026-06-04T06:05:36Z
2013,266,Texas Tech,Big 12 Conference,1400,11,20,31,0.355,11-20,Iowa State,1797.1,1598.6,NA,2026-06-04T06:05:36Z
2013,267,Toledo,Mid-American Conference,1398.3,15,13,28,0.536,15-13,E Illinois,1685.3,1499.3,NA,2026-06-04T06:05:36Z
2013,268,Drake,Missouri Valley Conference,1397.4,15,17,32,0.469,15-17,Creighton,1861.1,1610.9,NA,2026-06-04T06:05:36Z
2013,269,Dist of Col,NA,1396.4,0,4,4,0,0-4,NA,NA,1534,NA,2026-06-04T06:05:36Z
2013,270,Quinnipiac,Northeast Conference,1394.4,15,16,31,0.484,15-16,Iona,1658.3,1450.5,NA,2026-06-04T06:05:36Z
2013,271,Fair Dickinson,Northeast Conference,1391.9,7,24,31,0.226,7-24,Longwood,1649.9,1488.8,NA,2026-06-04T06:05:36Z
2013,272,Cal Poly,Big West Conference,1387.9,18,14,32,0.562,18-14,UCLA,1758,1517.9,NA,2026-06-04T06:05:36Z
2013,273,Hofstra,Colonial Athletic Association,1384.3,7,25,32,0.219,7-25,S Dakota St,1691.6,1447.9,NA,2026-06-04T06:05:36Z
2013,274,Yale,Ivy League,1383.1,14,17,31,0.452,14-17,Princeton,1663,1470.9,NA,2026-06-04T06:05:36Z
2013,275,Hartford,America East Conference,1381.5,17,14,31,0.548,17-14,Stony Brook,1735.6,1457.6,NA,2026-06-04T06:05:36Z
2013,276,Jacksonville,ASUN Conference,1377.2,14,18,32,0.438,14-18,Mercer,1633.7,1470,NA,2026-06-04T06:05:36Z
2013,277,Tennessee Tech,Ohio Valley Conference,1373,12,17,29,0.414,12-17,E Illinois,1685.3,1457.7,NA,2026-06-04T06:05:36Z
2013,278,Ball State,Mid-American Conference,1368.2,15,15,30,0.5,15-15,W Michigan,1561.2,1470.7,NA,2026-06-04T06:05:36Z
2013,279,Southern Utah,Big Sky Conference,1367.2,11,20,31,0.355,11-20,N Colorado,1595.5,1449.5,NA,2026-06-04T06:05:36Z
2013,280,Marshall,Conference USA,1363.9,13,19,32,0.406,13-19,Southern Miss,1753.2,1570.4,NA,2026-06-04T06:05:36Z
2013,281,Cornell,Ivy League,1363.5,13,18,31,0.419,13-18,Longwood,1649.9,1485.2,NA,2026-06-04T06:05:36Z
2013,282,Portland,West Coast Conference,1362.3,11,21,32,0.344,11-21,San Francisco,1619.9,1587.5,NA,2026-06-04T06:05:36Z
2013,283,UT Rio Grande,NA,1361.1,16,16,32,0.5,16-16,Utah Valley,1605.8,1425,NA,2026-06-04T06:05:36Z
2013,284,Brown,Ivy League,1358.8,13,15,28,0.464,13-15,Princeton,1663,1426,NA,2026-06-04T06:05:36Z
2013,285,Fairfield,Metro Atlantic Athletic Conference,1358.5,19,16,35,0.543,19-16,Iona,1658.3,1469.3,NA,2026-06-04T06:05:36Z
2013,286,Oakland,Summit League,1355.5,16,17,33,0.485,16-17,Valparaiso,1756.9,1481.8,NA,2026-06-04T06:05:36Z
2013,287,Rochester Univ.,NA,1351.4,1,5,6,0.167,1-5,E Illinois,1685.3,1503.9,NA,2026-06-04T06:05:36Z
2013,288,Missouri St,Missouri Valley Conference,1345.4,11,22,33,0.333,11-22,Evansville,1682.7,1573,NA,2026-06-04T06:05:36Z
2013,289,Hampton,Mid-Eastern Athletic Conference,1336.4,14,17,31,0.452,14-17,Morgan St,1594.7,1372.9,NA,2026-06-04T06:05:36Z
2013,290,N Arizona,Big Sky Conference,1332,11,21,32,0.344,11-21,N Colorado,1595.5,1517.8,NA,2026-06-04T06:05:36Z
2013,291,Webber Int,NA,1330.9,0,4,4,0,0-4,NA,NA,1357,NA,2026-06-04T06:05:36Z
2013,292,Montana St,Big Sky Conference,1329.6,13,17,30,0.433,13-17,Weber St,1726.9,1437.8,NA,2026-06-04T06:05:36Z
2013,293,Seattle U,Western Athletic Conference,1329.3,8,22,30,0.267,8-22,UT Arlington,1672.5,1459.3,NA,2026-06-04T06:05:36Z
2013,294,Campbell,Big South Conference,1328.9,13,20,33,0.394,13-20,Longwood,1649.9,1439.4,NA,2026-06-04T06:05:36Z
2013,295,Buffalo,Mid-American Conference,1325.9,14,20,34,0.412,14-20,Akron,1800.8,1503,NA,2026-06-04T06:05:36Z
2013,296,Appalachian St,Southern Conference,1321.1,15,16,31,0.484,15-16,Elon,1628.7,1418.4,NA,2026-06-04T06:05:36Z
2013,297,Montreat ,NA,1320.3,0,4,4,0,0-4,NA,NA,1373.3,NA,2026-06-04T06:05:36Z
2013,298,UMBC,America East Conference,1319.6,8,23,31,0.258,8-23,Towson,1540.7,1428.6,NA,2026-06-04T06:05:36Z
2013,299,TCU,Big 12 Conference,1319.3,11,21,32,0.344,11-21,Kansas,2004.9,1610.9,NA,2026-06-04T06:05:36Z
2013,300,Bethune,Mid-Eastern Athletic Conference,1318.7,14,20,34,0.412,14-20,NC A&T,1617.7,1421,NA,2026-06-04T06:05:36Z
2013,301,Samford,Southern Conference,1316.9,11,21,32,0.344,11-21,Charleston,1625.1,1432.5,NA,2026-06-04T06:05:36Z
2013,302,Hou Christian,NA,1314,15,17,32,0.469,15-17,Utah Valley,1605.8,1476.2,NA,2026-06-04T06:05:36Z
2013,303,South Dakota,Summit League,1302.6,10,20,30,0.333,10-20,S Dakota St,1691.6,1463.1,NA,2026-06-04T06:05:36Z
2013,304,Anderson (SC),NA,1301.1,1,0,1,1,1-0,Charleston,1625.1,1625.1,NA,2026-06-04T06:05:36Z
2013,305,Saint Mary College,NA,1292.5,1,0,1,1,1-0,Omaha,736.1,736.1,NA,2026-06-04T06:05:36Z
2013,306,Norfolk St,Mid-Eastern Athletic Conference,1292.1,21,12,33,0.636,21-12,Longwood,1649.9,1447.4,NA,2026-06-04T06:05:36Z
2013,307,SIUE,Ohio Valley Conference,1286.1,9,18,27,0.333,9-18,Murray St,1706,1475.1,NA,2026-06-04T06:05:36Z
2013,308,Fort Valley St,NA,1285.2,1,0,1,1,1-0,Alcorn St,860,860,NA,2026-06-04T06:05:36Z
2013,309,Grinnell,NA,1269,1,0,1,1,1-0,FaithBap,1231,1231,NA,2026-06-04T06:05:36Z
2013,310,AR-Pine Bluff,Southwestern Athletic Conference,1268.9,16,14,30,0.533,16-14,Southern,1619.1,1434.5,NA,2026-06-04T06:05:36Z
2013,311,N Illinois,Mid-American Conference,1268.8,5,25,30,0.167,5-25,Kent State,1603,1457.7,NA,2026-06-04T06:05:36Z
2013,312,Lincoln PA,NA,1267.9,1,0,1,1,1-0,Howard,1180,1180,NA,2026-06-04T06:05:36Z
2013,313,McNeese,NA,1267.3,14,17,31,0.452,14-17,Louisiana Tech,1750.9,1443.3,NA,2026-06-04T06:05:36Z
2013,314,AK-Anchorage,NA,1264,2,1,3,0.667,2-1,LMU,1458.3,1566.3,NA,2026-06-04T06:05:36Z
2013,315,North Texas,Sun Belt Conference,1255.9,12,20,32,0.375,12-20,FIU,1604.9,1516.1,NA,2026-06-04T06:05:36Z
2013,316,C Arkansas,NA,1251.2,13,17,30,0.433,13-17,E Illinois,1685.3,1462.5,NA,2026-06-04T06:05:36Z
2013,317,Drexel,Colonial Athletic Association,1250.7,13,18,31,0.419,13-18,Davidson,1689.5,1522,NA,2026-06-04T06:05:36Z
2013,318,St. Thomas (TX),NA,1250.7,1,0,1,1,1-0,Rice,1556.1,1556.1,NA,2026-06-04T06:05:36Z
2013,319,Slippery Rock,NA,1248.6,0,1,1,0,0-1,NA,NA,1969.9,NA,2026-06-04T06:05:36Z
2013,320,Lewis Clark St,NA,1247.9,0,1,1,0,0-1,NA,NA,1985.3,NA,2026-06-04T06:05:36Z
2013,321,Lubbock Christian,NA,1247.3,0,1,1,0,0-1,NA,NA,1779.3,NA,2026-06-04T06:05:36Z
2013,322,Fairmont,NA,1247,0,1,1,0,0-1,NA,NA,1603,NA,2026-06-04T06:05:36Z
2013,323,Milwaukee,Horizon League,1247,8,24,32,0.25,8-24,Davidson,1689.5,1491.4,NA,2026-06-04T06:05:36Z
2013,324,John Carroll,NA,1246.9,0,1,1,0,0-1,NA,NA,1800.8,NA,2026-06-04T06:05:36Z
2013,325,Hanover,NA,1246.8,0,1,1,0,0-1,NA,NA,1742.1,NA,2026-06-04T06:05:36Z
2013,326,Tuskegee,NA,1246.4,0,1,1,0,0-1,NA,NA,1877.3,NA,2026-06-04T06:05:36Z
2013,327,SW MN St,NA,1246.3,0,1,1,0,0-1,NA,NA,1691.6,NA,2026-06-04T06:05:36Z
2013,328,Jarvis Chr,NA,1245.5,0,1,1,0,0-1,NA,NA,1779.3,NA,2026-06-04T06:05:36Z
2013,329,DePaul,Big East Conference,1245.4,11,21,32,0.344,11-21,Arizona St,1759.4,1613.7,NA,2026-06-04T06:05:36Z
2013,330,Purdue NW,NA,1245.4,0,1,1,0,0-1,NA,NA,1756.9,NA,2026-06-04T06:05:36Z
2013,331,Mayville St,NA,1245.1,0,1,1,0,0-1,NA,NA,1733.8,NA,2026-06-04T06:05:36Z
2013,332,Adams State,NA,1244.9,0,1,1,0,0-1,NA,NA,1757.4,NA,2026-06-04T06:05:36Z
2013,333,Arcadia University,NA,1244.8,0,1,1,0,0-1,NA,NA,1568.4,NA,2026-06-04T06:05:36Z
2013,334,Dakota St,NA,1244.6,0,1,1,0,0-1,NA,NA,1691.6,NA,2026-06-04T06:05:36Z
2013,335,Mount Ida ,NA,1244.5,0,1,1,0,0-1,NA,NA,1735.6,NA,2026-06-04T06:05:36Z
2013,336,N Michigan,NA,1244.5,0,1,1,0,0-1,NA,NA,1719.7,NA,2026-06-04T06:05:36Z
2013,337,Valley City St,NA,1244.5,0,1,1,0,0-1,NA,NA,1733.8,NA,2026-06-04T06:05:36Z
2013,338,Chadron State,NA,1244.4,0,1,1,0,0-1,NA,NA,1757.4,NA,2026-06-04T06:05:36Z
2013,339,MIT,NA,1244.3,0,1,1,0,0-1,NA,NA,1666.2,NA,2026-06-04T06:05:36Z
2013,340,Simpson,NA,1244.3,0,1,1,0,0-1,NA,NA,1726.4,NA,2026-06-04T06:05:36Z
2013,341,Emory,NA,1243.9,0,1,1,0,0-1,NA,NA,1689.5,NA,2026-06-04T06:05:36Z
2013,342,Westmont,NA,1243.9,0,1,1,0,0-1,NA,NA,1466,NA,2026-06-04T06:05:36Z
2013,343,Fisk,NA,1243.8,0,1,1,0,0-1,NA,NA,1598.6,NA,2026-06-04T06:05:36Z
2013,344,IU-Northwest,NA,1243.8,0,1,1,0,0-1,NA,NA,1552.8,NA,2026-06-04T06:05:36Z
2013,345,N Greenville,NA,1243.8,0,1,1,0,0-1,NA,NA,1553.1,NA,2026-06-04T06:05:36Z
2013,346,Barber Scotia,NA,1243.7,0,1,1,0,0-1,NA,NA,1564.1,NA,2026-06-04T06:05:36Z
2013,347,Dillard,NA,1243.6,0,1,1,0,0-1,NA,NA,1753.2,NA,2026-06-04T06:05:36Z
2013,348,New Hampshire,America East Conference,1243.6,9,20,29,0.31,9-20,Binghamton,1408.3,1439.7,NA,2026-06-04T06:05:36Z
2013,349,CS East Bay,NA,1243.5,0,1,1,0,0-1,NA,NA,1619.9,NA,2026-06-04T06:05:36Z
2013,350,Fresno Pacific,NA,1243.5,0,1,1,0,0-1,NA,NA,1457.5,NA,2026-06-04T06:05:36Z
2013,351,Western Oregon,NA,1243.5,0,1,1,0,0-1,NA,NA,1720.2,NA,2026-06-04T06:05:36Z
2013,352,Minot St,NA,1243.3,0,1,1,0,0-1,NA,NA,1655.8,NA,2026-06-04T06:05:36Z
2013,353,Wabash,NA,1243.2,0,1,1,0,0-1,NA,NA,1675.9,NA,2026-06-04T06:05:36Z
2013,354,Mount St. Joseph,NA,1243,0,1,1,0,0-1,NA,NA,1565.7,NA,2026-06-04T06:05:36Z
2013,355,Tabor College,NA,1243,0,1,1,0,0-1,NA,NA,1595.5,NA,2026-06-04T06:05:36Z
2013,356,St. Edward's,NA,1242.8,0,1,1,0,0-1,NA,NA,1556.1,NA,2026-06-04T06:05:36Z
2013,357,Bethel (TN),NA,1242.4,0,1,1,0,0-1,NA,NA,1706,NA,2026-06-04T06:05:36Z
2013,358,Coll NJ,NA,1242.4,0,1,1,0,0-1,NA,NA,1663,NA,2026-06-04T06:05:36Z
2013,359,Wartburg,NA,1242.4,0,1,1,0,0-1,NA,NA,1681.2,NA,2026-06-04T06:05:36Z
2013,360,Point Loma,NA,1242.1,0,1,1,0,0-1,NA,NA,1772.3,NA,2026-06-04T06:05:36Z
2013,361,Urbana,NA,1242.1,0,1,1,0,0-1,NA,NA,1521,NA,2026-06-04T06:05:36Z
2013,362,Missouri Valley,NA,1242,0,1,1,0,0-1,NA,NA,1592.1,NA,2026-06-04T06:05:36Z
2013,363,Covenant,NA,1241.9,0,1,1,0,0-1,NA,NA,1630.5,NA,2026-06-04T06:05:36Z
2013,364,LeMoyne-Owen,NA,1241.9,0,1,1,0,0-1,NA,NA,1598.6,NA,2026-06-04T06:05:36Z
2013,365,Virginia-Wise,NA,1241.9,0,1,1,0,0-1,NA,NA,1630.5,NA,2026-06-04T06:05:36Z
2013,366,IL-Springfield,NA,1241.8,0,1,1,0,0-1,NA,NA,1552.9,NA,2026-06-04T06:05:36Z
2013,367,Miami OH,Mid-American Conference,1241.8,9,22,31,0.29,9-22,C Michigan,1549,1542.7,NA,2026-06-04T06:05:36Z
2013,368,TX Lutheran,NA,1241.7,0,1,1,0,0-1,NA,NA,1528.4,NA,2026-06-04T06:05:36Z
2013,369,Sewanee,NA,1241.6,0,1,1,0,0-1,NA,NA,1633.7,NA,2026-06-04T06:05:36Z
2013,370,Bridgewater VA,NA,1241.5,0,1,1,0,0-1,NA,NA,1628.7,NA,2026-06-04T06:05:36Z
2013,371,BYU Hawaii,NA,1241.5,0,1,1,0,0-1,NA,NA,1489.2,NA,2026-06-04T06:05:36Z
2013,372,LeTourneau,NA,1241.5,0,1,1,0,0-1,NA,NA,1592.1,NA,2026-06-04T06:05:36Z
2013,373,Olivet College,NA,1241.3,0,1,1,0,0-1,NA,NA,1549,NA,2026-06-04T06:05:36Z
2013,374,Florida Tech,NA,1241.2,0,1,1,0,0-1,NA,NA,1677.3,NA,2026-06-04T06:05:36Z
2013,375,Muhlenbe,NA,1241.2,0,1,1,0,0-1,NA,NA,1703.2,NA,2026-06-04T06:05:36Z
2013,376,Ark Monticello,NA,1241.1,0,1,1,0,0-1,NA,NA,1592.7,NA,2026-06-04T06:05:36Z
2013,377,Ave Maria,NA,1240.9,0,1,1,0,0-1,NA,NA,1664.6,NA,2026-06-04T06:05:36Z
2013,378,VA Intermont,NA,1240.7,0,1,1,0,0-1,NA,NA,1564.1,NA,2026-06-04T06:05:36Z
2013,379,Wayland Baptist,NA,1240.7,0,1,1,0,0-1,NA,NA,1561.5,NA,2026-06-04T06:05:36Z
2013,380,Truman St,NA,1240.6,0,1,1,0,0-1,NA,NA,1554.4,NA,2026-06-04T06:05:36Z
2013,381,Coastal Georgia,NA,1240.5,0,1,1,0,0-1,NA,NA,1489.4,NA,2026-06-04T06:05:36Z
2013,382,Wash. & Lee,NA,1240.4,0,1,1,0,0-1,NA,NA,1595.7,NA,2026-06-04T06:05:36Z
2013,383,Montana-Western,NA,1240.2,0,1,1,0,0-1,NA,NA,1518.8,NA,2026-06-04T06:05:36Z
2013,384,Oglethorpe,NA,1240.1,0,1,1,0,0-1,NA,NA,1633.7,NA,2026-06-04T06:05:36Z
2013,385,Loyola (LA),NA,1240,0,1,1,0,0-1,NA,NA,1584.9,NA,2026-06-04T06:05:36Z
2013,386,Trinity (IL),NA,1240,0,1,1,0,0-1,NA,NA,1521,NA,2026-06-04T06:05:36Z
2013,387,Concordia IL,NA,1239.9,0,1,1,0,0-1,NA,NA,1521,NA,2026-06-04T06:05:36Z
2013,388,S Wesleyan,NA,1239.8,0,1,1,0,0-1,NA,NA,1514.3,NA,2026-06-04T06:05:36Z
2013,389,California Maritime,NA,1239.7,0,1,1,0,0-1,NA,NA,1553.7,NA,2026-06-04T06:05:36Z
2013,390,Gwynedd-Mercy,NA,1239.7,0,1,1,0,0-1,NA,NA,1538.5,NA,2026-06-04T06:05:36Z
2013,391,Spalding,NA,1239.7,0,1,1,0,0-1,NA,NA,1630.5,NA,2026-06-04T06:05:36Z
2013,392,Sacred Heart,Northeast Conference,1239.6,9,20,29,0.31,9-20,Stony Brook,1735.6,1509.3,NA,2026-06-04T06:05:36Z
2013,393,Bluefield U,NA,1239.2,0,1,1,0,0-1,NA,NA,1546.8,NA,2026-06-04T06:05:36Z
2013,394,Indiana-East Univ,NA,1239.2,0,1,1,0,0-1,NA,NA,1552.8,NA,2026-06-04T06:05:36Z
2013,395,Spring Hill,NA,1239.1,0,2,2,0,0-2,NA,NA,1559.7,NA,2026-06-04T06:05:36Z
2013,396,Blue Mountain,NA,1239,0,1,1,0,0-1,NA,NA,1531,NA,2026-06-04T06:05:36Z
2013,397,Claflin,NA,1239,0,1,1,0,0-1,NA,NA,1501.7,NA,2026-06-04T06:05:36Z
2013,398,NC Wesleyan,NA,1238.4,0,1,1,0,0-1,NA,NA,1595.7,NA,2026-06-04T06:05:36Z
2013,399,E TX Bapt,NA,1238.3,0,1,1,0,0-1,NA,NA,1592.1,NA,2026-06-04T06:05:36Z
2013,400,Haverford,NA,1238.3,0,1,1,0,0-1,NA,NA,1561.5,NA,2026-06-04T06:05:36Z
2013,401,Methodist,NA,1238.3,0,1,1,0,0-1,NA,NA,1595.7,NA,2026-06-04T06:05:36Z
2013,402,Greenville,NA,1238.2,0,1,1,0,0-1,NA,NA,1675.9,NA,2026-06-04T06:05:36Z
2013,403,Warner,NA,1238.1,0,1,1,0,0-1,NA,NA,1588.3,NA,2026-06-04T06:05:36Z
2013,404,Manchester,NA,1237.7,0,1,1,0,0-1,NA,NA,1628.7,NA,2026-06-04T06:05:36Z
2013,405,North Alabama,NA,1237.6,0,1,1,0,0-1,NA,NA,1489.2,NA,2026-06-04T06:05:36Z
2013,406,Southwest,NA,1237.5,0,2,2,0,0-2,NA,NA,1661.2,NA,2026-06-04T06:05:36Z
2013,407,UC Santa Cruz,NA,1237.5,0,1,1,0,0-1,NA,NA,1540.3,NA,2026-06-04T06:05:36Z
2013,408,Regis Univ,NA,1237,0,1,1,0,0-1,NA,NA,1612.8,NA,2026-06-04T06:05:36Z
2013,409,West Alabama,NA,1237,0,2,2,0,0-2,NA,NA,1736.6,NA,2026-06-04T06:05:36Z
2013,410,Whitman,NA,1236.9,0,1,1,0,0-1,NA,NA,1423.3,NA,2026-06-04T06:05:36Z
2013,411,Cairn,NA,1236.7,0,1,1,0,0-1,NA,NA,1538.5,NA,2026-06-04T06:05:36Z
2013,412,E New Mexico,NA,1236.4,0,2,2,0,0-2,NA,NA,1552.3,NA,2026-06-04T06:05:36Z
2013,413,Lees McRae,NA,1236.4,0,1,1,0,0-1,NA,NA,1446.8,NA,2026-06-04T06:05:36Z
2013,414,Ecclesia,NA,1236.2,0,1,1,0,0-1,NA,NA,1314,NA,2026-06-04T06:05:36Z
2013,415,Whittier,NA,1236.2,0,1,1,0,0-1,NA,NA,1423.3,NA,2026-06-04T06:05:36Z
2013,416,Daniel Webster,NA,1236.1,0,1,1,0,0-1,NA,NA,1358.8,NA,2026-06-04T06:05:36Z
2013,417,Lake Erie,NA,1236,0,1,1,0,0-1,NA,NA,1456.9,NA,2026-06-04T06:05:36Z
2013,418,Peru St,NA,1236,0,1,1,0,0-1,NA,NA,1605.8,NA,2026-06-04T06:05:36Z
2013,419,Holy Names,NA,1235.9,0,1,1,0,0-1,NA,NA,1553.7,NA,2026-06-04T06:05:36Z
2013,420,Rosemont,NA,1235.9,0,1,1,0,0-1,NA,NA,1589.5,NA,2026-06-04T06:05:36Z
2013,421,Win Salem,NA,1235.1,0,1,1,0,0-1,NA,NA,1446.8,NA,2026-06-04T06:05:36Z
2013,422,Oberlin ,NA,1234.9,0,1,1,0,0-1,NA,NA,1383.1,NA,2026-06-04T06:05:36Z
2013,423,Schreiner,NA,1234.8,0,1,1,0,0-1,NA,NA,1469.3,NA,2026-06-04T06:05:36Z
2013,424,Georgia Southwestern,NA,1234.7,0,1,1,0,0-1,NA,NA,1677.3,NA,2026-06-04T06:05:36Z
2013,425,Marymoun,NA,1234.7,0,1,1,0,0-1,NA,NA,1473.6,NA,2026-06-04T06:05:36Z
2013,426,Warren Wilson,NA,1234.5,0,1,1,0,0-1,NA,NA,1445.6,NA,2026-06-04T06:05:36Z
2013,427,CCNY,NA,1234.4,0,1,1,0,0-1,NA,NA,1461.8,NA,2026-06-04T06:05:36Z
2013,428,Lewis & Clark,NA,1234.3,0,1,1,0,0-1,NA,NA,1362.3,NA,2026-06-04T06:05:36Z
2013,429,Northwest Indian,NA,1234.2,0,1,1,0,0-1,NA,NA,1329.6,NA,2026-06-04T06:05:36Z
2013,430,Troy,Sun Belt Conference,1234.1,12,21,33,0.364,12-21,FIU,1604.9,1496.4,NA,2026-06-04T06:05:36Z
2013,431,Corban U,NA,1233.8,0,1,1,0,0-1,NA,NA,1712.5,NA,2026-06-04T06:05:36Z
2013,432,LSU Shreveport,NA,1233.8,0,2,2,0,0-2,NA,NA,1674.4,NA,2026-06-04T06:05:36Z
2013,433,Carroll (MT),NA,1233.7,0,2,2,0,0-2,NA,NA,1511.5,NA,2026-06-04T06:05:36Z
2013,434,Holy Cross IN,NA,1233,0,1,1,0,0-1,NA,NA,1368.2,NA,2026-06-04T06:05:36Z
2013,435,UC Merced,NA,1232.8,0,1,1,0,0-1,NA,NA,1490.4,NA,2026-06-04T06:05:36Z
2013,436,No New Mexico,NA,1232.6,0,2,2,0,0-2,NA,NA,1666.9,NA,2026-06-04T06:05:36Z
2013,437,Masters ,NA,1232.5,0,1,1,0,0-1,NA,NA,1420.5,NA,2026-06-04T06:05:36Z
2013,438,Presentation,NA,1232.4,0,1,1,0,0-1,NA,NA,1404,NA,2026-06-04T06:05:36Z
2013,439,Albertus Magnus,NA,1232,0,1,1,0,0-1,NA,NA,1383.1,NA,2026-06-04T06:05:36Z
2013,440,Hiram,NA,1232,0,1,1,0,0-1,NA,NA,1498.6,NA,2026-06-04T06:05:36Z
2013,441,Western St.,NA,1232,0,2,2,0,0-2,NA,NA,1628.5,NA,2026-06-04T06:05:36Z
2013,442,Rockhurst,NA,1231.9,0,1,1,0,0-1,NA,NA,1523,NA,2026-06-04T06:05:36Z
2013,443,Young Harris,NA,1231.9,0,1,1,0,0-1,NA,NA,1506.7,NA,2026-06-04T06:05:36Z
2013,444,Mars Hill,NA,1231.6,0,1,1,0,0-1,NA,NA,1445.6,NA,2026-06-04T06:05:36Z
2013,445,Geneva,NA,1231.5,0,1,1,0,0-1,NA,NA,1498.6,NA,2026-06-04T06:05:36Z
2013,446,Ohio Dominican,NA,1231.5,0,1,1,0,0-1,NA,NA,1247,NA,2026-06-04T06:05:36Z
2013,447,Marywood,NA,1231.4,0,1,1,0,0-1,NA,NA,1408.3,NA,2026-06-04T06:05:36Z
2013,448,MT Tech,NA,1231.2,0,1,1,0,0-1,NA,NA,1329.6,NA,2026-06-04T06:05:36Z
2013,449,Greensboro,NA,1231.1,0,2,2,0,0-2,NA,NA,1566.1,NA,2026-06-04T06:05:36Z
2013,450,FaithBap,NA,1231,0,1,1,0,0-1,NA,NA,1269,NA,2026-06-04T06:05:36Z
2013,451,Hus-Till,NA,1230.5,0,1,1,0,0-1,NA,NA,1500.6,NA,2026-06-04T06:05:36Z
2013,452,Alice Lloyd,NA,1230.2,0,1,1,0,0-1,NA,NA,1495.4,NA,2026-06-04T06:05:36Z
2013,453,E Nazarene,NA,1229.7,0,1,1,0,0-1,NA,NA,1461.8,NA,2026-06-04T06:05:36Z
2013,454,E Washington,Big Sky Conference,1229.7,10,21,31,0.323,10-21,Idaho St,1518.8,1484.9,NA,2026-06-04T06:05:36Z
2013,455,Mansfield,NA,1229.3,0,1,1,0,0-1,NA,NA,1325.9,NA,2026-06-04T06:05:36Z
2013,456,Lenoir Rhyne,NA,1227.7,0,2,2,0,0-2,NA,NA,1504.5,NA,2026-06-04T06:05:36Z
2013,457,Southern Poly,NA,1227.7,0,1,1,0,0-1,NA,NA,1477.3,NA,2026-06-04T06:05:36Z
2013,458,Brescia,NA,1227.2,0,2,2,0,0-2,NA,NA,1637.8,NA,2026-06-04T06:05:36Z
2013,459,Toccoa Falls,NA,1227.2,0,3,3,0,0-3,NA,NA,1529.4,NA,2026-06-04T06:05:36Z
2013,460,SUNY-Old Westbury,NA,1227,0,1,1,0,0-1,NA,NA,1363.5,NA,2026-06-04T06:05:36Z
2013,461,Menlo,NA,1226.7,0,1,1,0,0-1,NA,NA,1387.9,NA,2026-06-04T06:05:36Z
2013,462,Pacific Union,NA,1226.7,0,2,2,0,0-2,NA,NA,1666.1,NA,2026-06-04T06:05:36Z
2013,463,Champ. Christ.,NA,1226.3,0,3,3,0,0-3,NA,NA,1560.4,NA,2026-06-04T06:05:36Z
2013,464,Maryville MO,NA,1225.9,0,2,2,0,0-2,NA,NA,1612.4,NA,2026-06-04T06:05:36Z
2013,465,Dominican (CA),NA,1225.6,0,2,2,0,0-2,NA,NA,1555.2,NA,2026-06-04T06:05:36Z
2013,466,Southeastern,NA,1225.5,0,2,2,0,0-2,NA,NA,1602.6,NA,2026-06-04T06:05:36Z
2013,467,Culver-Stockton,NA,1225.4,0,1,1,0,0-1,NA,NA,1302.6,NA,2026-06-04T06:05:36Z
2013,468,Eastern Univ.,NA,1224.8,0,1,1,0,0-1,NA,NA,1319.6,NA,2026-06-04T06:05:36Z
2013,469,La Verne,NA,1224.8,0,2,2,0,0-2,NA,NA,1622.7,NA,2026-06-04T06:05:36Z
2013,470,Newberry,NA,1224.6,0,1,1,0,0-1,NA,NA,1328.9,NA,2026-06-04T06:05:36Z
2013,471,NVU-Lyndon,NA,1224.3,0,1,1,0,0-1,NA,NA,1461.8,NA,2026-06-04T06:05:36Z
2013,472,Willamette,NA,1224.3,0,1,1,0,0-1,NA,NA,1454.9,NA,2026-06-04T06:05:36Z
2013,473,Crown College,NA,1223.6,0,1,1,0,0-1,NA,NA,1404,NA,2026-06-04T06:05:36Z
2013,474,Howard Payne,NA,1223.6,0,2,2,0,0-2,NA,NA,1639.9,NA,2026-06-04T06:05:36Z
2013,475,Portland Bible,NA,1223.6,0,1,1,0,0-1,NA,NA,1362.3,NA,2026-06-04T06:05:36Z
2013,476,Pacific Lutheran,NA,1222.8,0,1,1,0,0-1,NA,NA,1329.3,NA,2026-06-04T06:05:36Z
2013,477,AZ Christian,NA,1222.1,0,3,3,0,0-3,NA,NA,1597.4,NA,2026-06-04T06:05:36Z
2013,478,CS San Marcos,NA,1221.9,0,2,2,0,0-2,NA,NA,1468.6,NA,2026-06-04T06:05:36Z
2013,479,William Jewell,NA,1221.6,0,1,1,0,0-1,NA,NA,1397.4,NA,2026-06-04T06:05:36Z
2013,480,Eureka Coll,NA,1221.3,0,2,2,0,0-2,NA,NA,1323.6,NA,2026-06-04T06:05:36Z
2013,481,Hiwassee,NA,1221.3,0,2,2,0,0-2,NA,NA,1526.8,NA,2026-06-04T06:05:36Z
2013,482,Siena Heights,NA,1221.2,0,1,1,0,0-1,NA,NA,1436.7,NA,2026-06-04T06:05:36Z
2013,483,Madonna University,NA,1221.1,0,1,1,0,0-1,NA,NA,1436.7,NA,2026-06-04T06:05:36Z
2013,484,Southern VA,NA,1220.9,0,2,2,0,0-2,NA,NA,1329.6,NA,2026-06-04T06:05:36Z
2013,485,Marygrove ,NA,1220.7,0,2,2,0,0-2,NA,NA,1529.9,NA,2026-06-04T06:05:36Z
2013,486,Sonoma St,NA,1220.3,0,2,2,0,0-2,NA,NA,1614.6,NA,2026-06-04T06:05:36Z
2013,487,William Carey,NA,1220.2,0,3,3,0,0-3,NA,NA,1612,NA,2026-06-04T06:05:36Z
2013,488,Hope Inter.,NA,1220.1,0,1,1,0,0-1,NA,NA,1431.6,NA,2026-06-04T06:05:36Z
2013,489,Hardin-Simmons,NA,1219.4,0,2,2,0,0-2,NA,NA,1625.8,NA,2026-06-04T06:05:36Z
2013,490,Aub.-Montgomery,NA,1219.3,0,1,1,0,0-1,NA,NA,998.6,NA,2026-06-04T06:05:36Z
2013,491,Hannibal-LaGrange Co,NA,1219.3,0,2,2,0,0-2,NA,NA,1561.7,NA,2026-06-04T06:05:36Z
2013,492,Averett,NA,1218.4,0,1,1,0,0-1,NA,NA,1328.9,NA,2026-06-04T06:05:36Z
2013,493,Philander Smith,NA,1217.2,0,1,1,0,0-1,NA,NA,1345.4,NA,2026-06-04T06:05:36Z
2013,494,R. Morris-Spfld,NA,1217.2,0,1,1,0,0-1,NA,NA,1286.1,NA,2026-06-04T06:05:36Z
2013,495,George Fox,NA,1216.8,0,1,1,0,0-1,NA,NA,1121.7,NA,2026-06-04T06:05:36Z
2013,496,Salisbury,NA,1216.5,0,1,1,0,0-1,NA,NA,1484.9,NA,2026-06-04T06:05:36Z
2013,497,TN Southern,NA,1215.9,0,2,2,0,0-2,NA,NA,1465.5,NA,2026-06-04T06:05:36Z
2013,498,Judson College,NA,1215.2,0,2,2,0,0-2,NA,NA,1366.9,NA,2026-06-04T06:05:36Z
2013,499,Albion,NA,1214.9,0,1,1,0,0-1,NA,NA,1355.5,NA,2026-06-04T06:05:36Z
2013,500,Dallas Christ.,NA,1214.1,0,2,2,0,0-2,NA,NA,1391.7,NA,2026-06-04T06:05:36Z
2013,501,St Gregory's,NA,1213.5,0,2,2,0,0-2,NA,NA,1559.1,NA,2026-06-04T06:05:36Z
2013,502,Vanguard,NA,1213,0,1,1,0,0-1,NA,NA,1518,NA,2026-06-04T06:05:36Z
2013,503,Colby College,NA,1212.4,0,1,1,0,0-1,NA,NA,990.9,NA,2026-06-04T06:05:36Z
2013,504,Wilmington DE,NA,1212.2,0,1,1,0,0-1,NA,NA,1180,NA,2026-06-04T06:05:36Z
2013,505,Roosevelt,NA,1210.4,0,1,1,0,0-1,NA,NA,1531.7,NA,2026-06-04T06:05:36Z
2013,506,Coll Idaho,NA,1209.3,0,1,1,0,0-1,NA,NA,1454.9,NA,2026-06-04T06:05:36Z
2013,507,Rio Grande,NA,1208.8,1,1,2,0.5,1-1,Campbell,1328.9,1250,NA,2026-06-04T06:05:36Z
2013,508,Pacifica College,NA,1208.6,0,3,3,0,0-3,NA,NA,1510.8,NA,2026-06-04T06:05:36Z
2013,509,Cameron,NA,1208.5,0,1,1,0,0-1,NA,NA,1255.9,NA,2026-06-04T06:05:36Z
2013,510,Waldorf ,NA,1208.1,0,1,1,0,0-1,NA,NA,1302.6,NA,2026-06-04T06:05:36Z
2013,511,Panhandle St,NA,1208,0,2,2,0,0-2,NA,NA,1502.7,NA,2026-06-04T06:05:36Z
2013,512,So New Orleans,NA,1207.7,0,1,1,0,0-1,NA,NA,1166.2,NA,2026-06-04T06:05:36Z
2013,513,Trinity Baptist,NA,1207.7,0,2,2,0,0-2,NA,NA,1434.2,NA,2026-06-04T06:05:36Z
2013,514,Cin Christian,NA,1207.3,0,3,3,0,0-3,NA,NA,1475.7,NA,2026-06-04T06:05:36Z
2013,515,Arl Baptist,NA,1205.6,0,2,2,0,0-2,NA,NA,1391.7,NA,2026-06-04T06:05:36Z
2013,516,Walla Walla,NA,1205.3,0,2,2,0,0-2,NA,NA,1563.5,NA,2026-06-04T06:05:36Z
2013,517,Reinhardt,NA,1205,0,2,2,0,0-2,NA,NA,1358.9,NA,2026-06-04T06:05:36Z
2013,518,U of Mary,NA,1204.4,0,1,1,0,0-1,NA,NA,1247,NA,2026-06-04T06:05:36Z
2013,519,Shenandoah,NA,1202.2,0,1,1,0,0-1,NA,NA,1149.2,NA,2026-06-04T06:05:36Z
2013,520,Brewton-Parker,NA,1201.8,0,1,1,0,0-1,NA,NA,1083.3,NA,2026-06-04T06:05:36Z
2013,521,Wilmington OH,NA,1201.7,0,1,1,0,0-1,NA,NA,1241.8,NA,2026-06-04T06:05:36Z
2013,522,Crowley's Ridge,NA,1201.6,0,2,2,0,0-2,NA,NA,1538.4,NA,2026-06-04T06:05:36Z
2013,523,St. Andrews,NA,1201.4,0,3,3,0,0-3,NA,NA,1508.7,NA,2026-06-04T06:05:36Z
2013,524,Joh. & Wales NC,NA,1199.1,0,3,3,0,0-3,NA,NA,1501.1,NA,2026-06-04T06:05:36Z
2013,525,Hendrix,NA,1198.8,0,1,1,0,0-1,NA,NA,1251.2,NA,2026-06-04T06:05:36Z
2013,526,Coker College,NA,1197.3,0,1,1,0,0-1,NA,NA,1026.3,NA,2026-06-04T06:05:36Z
2013,527,Suffolk University,NA,1196.2,0,1,1,0,0-1,NA,NA,1243.6,NA,2026-06-04T06:05:36Z
2013,528,Miles,NA,1195.4,0,1,1,0,0-1,NA,NA,1134.7,NA,2026-06-04T06:05:36Z
2013,529,Brevard ,NA,1195.2,0,3,3,0,0-3,NA,NA,1386.4,NA,2026-06-04T06:05:36Z
2013,530,Pacific (OR),NA,1194.3,0,1,1,0,0-1,NA,NA,1121.7,NA,2026-06-04T06:05:36Z
2013,531,Johnson FL,NA,1192.9,0,2,2,0,0-2,NA,NA,1348,NA,2026-06-04T06:05:36Z
2013,532,VU of Lynchburg,NA,1191.5,0,2,2,0,0-2,NA,NA,1334.9,NA,2026-06-04T06:05:36Z
2013,533,Benedictine,NA,1189.7,0,3,3,0,0-3,NA,NA,1220.1,NA,2026-06-04T06:05:36Z
2013,534,Edward Waters,NA,1189.1,0,2,2,0,0-2,NA,NA,1288.8,NA,2026-06-04T06:05:36Z
2013,535,N Kentucky,ASUN Conference,1186,11,16,27,0.407,11-16,Mercer,1633.7,1492.1,NA,2026-06-04T06:05:36Z
2013,536,Penn,Ivy League,1185.5,9,22,31,0.29,9-22,Harvard,1666.2,1493.8,NA,2026-06-04T06:05:36Z
2013,537,ND Coll,NA,1185.2,0,2,2,0,0-2,NA,NA,1248.5,NA,2026-06-04T06:05:36Z
2013,538,LA Christian,NA,1185,0,3,3,0,0-3,NA,NA,1435.4,NA,2026-06-04T06:05:36Z
2013,539,Oakland City,NA,1184.7,0,2,2,0,0-2,NA,NA,1394,NA,2026-06-04T06:05:36Z
2013,540,Malone,NA,1182.7,0,2,2,0,0-2,NA,NA,1387,NA,2026-06-04T06:05:36Z
2013,541,Cheyney,NA,1182.6,0,1,1,0,0-1,NA,NA,786.4,NA,2026-06-04T06:05:36Z
2013,542,Radford,Big South Conference,1182.6,13,19,32,0.406,13-19,Longwood,1649.9,1436.4,NA,2026-06-04T06:05:36Z
2013,543,Fontbonne,NA,1180,0,1,1,0,0-1,NA,NA,946,NA,2026-06-04T06:05:36Z
2013,544,Howard,Mid-Eastern Athletic Conference,1180,7,24,31,0.226,7-24,MD-Eastern,1518.4,1426.2,NA,2026-06-04T06:05:36Z
2013,545,Tenn Temple,NA,1179.8,0,1,1,0,0-1,NA,NA,1103.7,NA,2026-06-04T06:05:36Z
2013,546,Centenary LA,NA,1175.6,0,2,2,0,0-2,NA,NA,1293.3,NA,2026-06-04T06:05:36Z
2013,547,Fisher College,NA,1175.3,0,3,3,0,0-3,NA,NA,1310.8,NA,2026-06-04T06:05:36Z
2013,548,Lincoln MO,NA,1174.1,0,1,1,0,0-1,NA,NA,964.7,NA,2026-06-04T06:05:36Z
2013,549,Cent Bapt Coll,NA,1173.5,0,3,3,0,0-3,NA,NA,1511,NA,2026-06-04T06:05:36Z
2013,550,Cleveland St,Horizon League,1171.1,14,18,32,0.438,14-18,Detroit Mercy,1719.7,1550.2,NA,2026-06-04T06:05:36Z
2013,551,Central Penn,NA,1168.3,0,3,3,0,0-3,NA,NA,1327.2,NA,2026-06-04T06:05:36Z
2013,552,Louisiana,Sun Belt Conference,1166.2,13,20,33,0.394,13-20,Arkansas St,1592.7,1527.1,NA,2026-06-04T06:05:36Z
2013,553,Lyon College,NA,1157.7,0,2,2,0,0-2,NA,NA,1238.6,NA,2026-06-04T06:05:36Z
2013,554,Allen Univ,NA,1157.3,0,2,2,0,0-2,NA,NA,1247.5,NA,2026-06-04T06:05:36Z
2013,555,Berea College,NA,1152,0,2,2,0,0-2,NA,NA,1239.1,NA,2026-06-04T06:05:36Z
2013,556,VMI,Big South Conference,1149.2,14,17,31,0.452,14-17,Longwood,1649.9,1428.5,NA,2026-06-04T06:05:36Z
2013,557,TX-Tyler,NA,1145.6,0,2,2,0,0-2,NA,NA,1148.6,NA,2026-06-04T06:05:36Z
2013,558,Marist,Metro Atlantic Athletic Conference,1138.9,10,21,31,0.323,10-21,Vanderbilt,1681,1495.5,NA,2026-06-04T06:05:36Z
2013,559,Milligan,NA,1138.3,0,3,3,0,0-3,NA,NA,1100,NA,2026-06-04T06:05:36Z
2013,560,Alabama A&M,Southwestern Athletic Conference,1134.7,11,20,31,0.355,11-20,Mississippi St,1556.6,1403.5,NA,2026-06-04T06:05:36Z
2013,561,Union Ky ,NA,1123.1,0,3,3,0,0-3,NA,NA,1192.3,NA,2026-06-04T06:05:36Z
2013,562,Portland St,Big Sky Conference,1121.7,8,20,28,0.286,8-20,Idaho St,1518.8,1469.2,NA,2026-06-04T06:05:36Z
2013,563,Manhattan,Metro Atlantic Athletic Conference,1115.9,14,18,32,0.438,14-18,Iona,1658.3,1534.1,NA,2026-06-04T06:05:36Z
2013,564,SD Christian,NA,1114.7,0,8,8,0,0-8,NA,NA,1498.5,NA,2026-06-04T06:05:36Z
2013,565,Maine,America East Conference,1109.4,11,19,30,0.367,11-19,FGCU,1664.6,1454.6,NA,2026-06-04T06:05:36Z
2013,566,Austin Peay,Ohio Valley Conference,1105.2,8,23,31,0.258,8-23,E Illinois,1685.3,1463.1,NA,2026-06-04T06:05:36Z
2013,567,Chattanooga,Southern Conference,1103.7,13,19,32,0.406,13-19,Elon,1628.7,1470.5,NA,2026-06-04T06:05:36Z
2013,568,Oakwood,NA,1100.9,0,2,2,0,0-2,NA,NA,997.4,NA,2026-06-04T06:05:36Z
2013,569,American,Patriot League,1093.3,10,20,30,0.333,10-20,Lafayette,1568.4,1532.2,NA,2026-06-04T06:05:36Z
2013,570,Georgia So,Southern Conference,1083.3,14,19,33,0.424,14-19,Davidson,1689.5,1486.7,NA,2026-06-04T06:05:36Z
2013,571,UTSA,Western Athletic Conference,1078.6,10,22,32,0.312,10-22,Louisiana Tech,1750.9,1539.3,NA,2026-06-04T06:05:36Z
2013,572,The Citadel,Southern Conference,1072.1,8,22,30,0.267,8-22,Wofford,1524.4,1425.6,NA,2026-06-04T06:05:36Z
2013,573,Texas St,Western Athletic Conference,1029.8,12,22,34,0.353,12-22,Denver,1636.6,1514.4,NA,2026-06-04T06:05:36Z
2013,574,UNC Wilmington,Colonial Athletic Association,1026.3,10,20,30,0.333,10-20,Old Dominion,1644.3,1500.8,NA,2026-06-04T06:05:36Z
2013,575,Liberty,Big South Conference,1009.3,15,21,36,0.417,15-21,Longwood,1649.9,1456.2,NA,2026-06-04T06:05:36Z
2013,576,FAMU,Mid-Eastern Athletic Conference,1003.9,8,23,31,0.258,8-23,Presbyterian,1553.1,1497.1,NA,2026-06-04T06:05:36Z
2013,577,Alabama St,Southwestern Athletic Conference,998.6,10,22,32,0.312,10-22,Grambling,1492.2,1398.9,NA,2026-06-04T06:05:36Z
2013,578,Dartmouth,Ivy League,990.9,9,19,28,0.321,9-19,Longwood,1649.9,1467.3,NA,2026-06-04T06:05:36Z
2013,579,ETSU,ASUN Conference,969.6,10,22,32,0.312,10-22,FGCU,1664.6,1539.5,NA,2026-06-04T06:05:36Z
2013,580,Jackson St,Southwestern Athletic Conference,969,11,18,29,0.379,11-18,Grambling,1492.2,1389.3,NA,2026-06-04T06:05:36Z
2013,581,Kansas City,Summit League,964.7,8,24,32,0.25,8-24,IUPUI,1552.8,1491.8,NA,2026-06-04T06:05:36Z
2013,582,UT Martin,Ohio Valley Conference,946,9,21,30,0.3,9-21,Murray St,1706,1513.4,NA,2026-06-04T06:05:36Z
2013,583,Nicholls,NA,928.8,9,21,30,0.3,9-21,N'Western St,1592.1,1522,NA,2026-06-04T06:05:36Z
2013,584,Colgate,Patriot League,922.4,11,21,32,0.344,11-21,Lehigh,1703.2,1498.1,NA,2026-06-04T06:05:36Z
2013,585,Auburn,Southeastern Conference,913,9,23,32,0.281,9-23,LSU,1651.7,1635.2,NA,2026-06-04T06:05:36Z
2013,586,Alcorn St,Southwestern Athletic Conference,860,10,24,34,0.294,10-24,Southern,1619.1,1454.6,NA,2026-06-04T06:05:36Z
2013,587,Monmouth,Northeast Conference,837.4,10,21,31,0.323,10-21,Tennessee St,1598.6,1526.3,NA,2026-06-04T06:05:36Z
2013,588,Coppin St,Mid-Eastern Athletic Conference,786.4,8,24,32,0.25,8-24,Towson,1540.7,1478.5,NA,2026-06-04T06:05:36Z
2013,589,Omaha,Summit League,736.1,11,20,31,0.355,11-20,IUPUI,1552.8,1472.6,NA,2026-06-04T06:05:36Z
