date,home,away,winner,loser,winner_pts,loser_pts,end_type
2019-10-02,Toronto Maple Leafs,Ottawa Senators,Toronto Maple Leafs,Ottawa Senators,5,3,REG
2019-10-03,St. Louis Blues,Washington Capitals,Washington Capitals,St. Louis Blues,3,2,OT
2019-10-03,Edmonton Oilers,Vancouver Canucks,Edmonton Oilers,Vancouver Canucks,3,2,REG
2019-10-03,Vegas Golden Knights,San Jose Sharks,Vegas Golden Knights,San Jose Sharks,4,1,REG
2019-10-03,Carolina Hurricanes,Montreal Canadiens,Carolina Hurricanes,Montreal Canadiens,4,3,SO
2019-10-03,New York Rangers,Winnipeg Jets,New York Rangers,Winnipeg Jets,6,4,REG
2019-10-03,Pittsburgh Penguins,Buffalo Sabres,Buffalo Sabres,Pittsburgh Penguins,3,1,REG
2019-10-03,Tampa Bay Lightning,Florida Panthers,Tampa Bay Lightning,Florida Panthers,5,2,REG
2019-10-04,Nashville Predators,Minnesota Wild,Nashville Predators,Minnesota Wild,5,2,REG
2019-10-04,Dallas Stars,Boston Bruins,Boston Bruins,Dallas Stars,2,1,REG
2019-10-04,Colorado Avalanche,Calgary Flames,Colorado Avalanche,Calgary Flames,5,3,REG
2019-10-04,Anaheim Ducks,Arizona Coyotes,Anaheim Ducks,Arizona Coyotes,2,1,REG
2019-10-04,Philadelphia Flyers,Chicago Blackhawks,Philadelphia Flyers,Chicago Blackhawks,4,3,REG
2019-10-04,Columbus Blue Jackets,Toronto Maple Leafs,Toronto Maple Leafs,Columbus Blue Jackets,4,1,REG
2019-10-04,New Jersey Devils,Winnipeg Jets,Winnipeg Jets,New Jersey Devils,5,4,SO
2019-10-04,New York Islanders,Washington Capitals,Washington Capitals,New York Islanders,2,1,REG
2019-10-05,San Jose Sharks,Vegas Golden Knights,Vegas Golden Knights,San Jose Sharks,5,1,REG
2019-10-05,Buffalo Sabres,New Jersey Devils,Buffalo Sabres,New Jersey Devils,6,2,REG
2019-10-05,Florida Panthers,Tampa Bay Lightning,Florida Panthers,Tampa Bay Lightning,4,3,REG
2019-10-05,Ottawa Senators,New York Rangers,New York Rangers,Ottawa Senators,4,1,REG
2019-10-05,Washington Capitals,Carolina Hurricanes,Carolina Hurricanes,Washington Capitals,3,2,OT
2019-10-05,Toronto Maple Leafs,Montreal Canadiens,Montreal Canadiens,Toronto Maple Leafs,6,5,SO
2019-10-05,Pittsburgh Penguins,Columbus Blue Jackets,Pittsburgh Penguins,Columbus Blue Jackets,6,2,REG
2019-10-06,St. Louis Blues,Dallas Stars,St. Louis Blues,Dallas Stars,3,2,REG
2019-10-06,Nashville Predators,Detroit Red Wings,Detroit Red Wings,Nashville Predators,5,3,REG
2019-10-06,Colorado Avalanche,Minnesota Wild,Colorado Avalanche,Minnesota Wild,4,2,REG
2019-10-06,Calgary Flames,Vancouver Canucks,Calgary Flames,Vancouver Canucks,3,0,REG
2019-10-06,Edmonton Oilers,Los Angeles Kings,Edmonton Oilers,Los Angeles Kings,6,5,REG
2019-10-06,Anaheim Ducks,San Jose Sharks,Anaheim Ducks,San Jose Sharks,3,1,REG
2019-10-06,Carolina Hurricanes,Tampa Bay Lightning,Carolina Hurricanes,Tampa Bay Lightning,4,3,OT
2019-10-06,Detroit Red Wings,Dallas Stars,Detroit Red Wings,Dallas Stars,4,3,REG
2019-10-06,New York Islanders,Winnipeg Jets,New York Islanders,Winnipeg Jets,4,1,REG
2019-10-07,Toronto Maple Leafs,St. Louis Blues,St. Louis Blues,Toronto Maple Leafs,3,2,REG
2019-10-07,Columbus Blue Jackets,Buffalo Sabres,Columbus Blue Jackets,Buffalo Sabres,4,3,OT
2019-10-08,Florida Panthers,Carolina Hurricanes,Carolina Hurricanes,Florida Panthers,6,3,REG
2019-10-08,New York Islanders,Edmonton Oilers,Edmonton Oilers,New York Islanders,5,2,REG
2019-10-08,Pittsburgh Penguins,Winnipeg Jets,Winnipeg Jets,Pittsburgh Penguins,4,1,REG
2019-10-08,Washington Capitals,Dallas Stars,Dallas Stars,Washington Capitals,4,3,OT
2019-10-08,Detroit Red Wings,Anaheim Ducks,Anaheim Ducks,Detroit Red Wings,3,1,REG
2019-10-09,Nashville Predators,San Jose Sharks,Nashville Predators,San Jose Sharks,5,2,REG
2019-10-09,Calgary Flames,Los Angeles Kings,Los Angeles Kings,Calgary Flames,4,3,OT
2019-10-09,Vegas Golden Knights,Boston Bruins,Boston Bruins,Vegas Golden Knights,4,3,REG
2019-10-09,Buffalo Sabres,Montreal Canadiens,Buffalo Sabres,Montreal Canadiens,5,4,OT
2019-10-09,Philadelphia Flyers,New Jersey Devils,Philadelphia Flyers,New Jersey Devils,4,0,REG
2019-10-10,Vancouver Canucks,Los Angeles Kings,Vancouver Canucks,Los Angeles Kings,6,2,REG
2019-10-10,Montreal Canadiens,Detroit Red Wings,Detroit Red Wings,Montreal Canadiens,4,2,REG
2019-10-10,Toronto Maple Leafs,Tampa Bay Lightning,Tampa Bay Lightning,Toronto Maple Leafs,7,3,REG
2019-10-10,New Jersey Devils,Edmonton Oilers,Edmonton Oilers,New Jersey Devils,4,3,SO
2019-10-10,Pittsburgh Penguins,Anaheim Ducks,Pittsburgh Penguins,Anaheim Ducks,2,1,REG
2019-10-10,Ottawa Senators,St. Louis Blues,St. Louis Blues,Ottawa Senators,6,4,REG
2019-10-11,Winnipeg Jets,Minnesota Wild,Winnipeg Jets,Minnesota Wild,5,2,REG
2019-10-11,Nashville Predators,Washington Capitals,Nashville Predators,Washington Capitals,6,5,REG
2019-10-11,Chicago Blackhawks,San Jose Sharks,San Jose Sharks,Chicago Blackhawks,5,4,REG
2019-10-11,Dallas Stars,Calgary Flames,Calgary Flames,Dallas Stars,3,2,SO
2019-10-11,Colorado Avalanche,Boston Bruins,Colorado Avalanche,Boston Bruins,4,2,REG
2019-10-11,Arizona Coyotes,Vegas Golden Knights,Arizona Coyotes,Vegas Golden Knights,4,1,REG
2019-10-11,Buffalo Sabres,Florida Panthers,Buffalo Sabres,Florida Panthers,3,2,SO
2019-10-11,Columbus Blue Jackets,Anaheim Ducks,Anaheim Ducks,Columbus Blue Jackets,2,1,REG
2019-10-11,Carolina Hurricanes,New York Islanders,Carolina Hurricanes,New York Islanders,5,2,REG
2019-10-12,New York Rangers,Edmonton Oilers,Edmonton Oilers,New York Rangers,4,1,REG
2019-10-12,Ottawa Senators,Tampa Bay Lightning,Ottawa Senators,Tampa Bay Lightning,4,2,REG
2019-10-12,Los Angeles Kings,Nashville Predators,Los Angeles Kings,Nashville Predators,7,4,REG
2019-10-12,Boston Bruins,New Jersey Devils,Boston Bruins,New Jersey Devils,3,0,REG
2019-10-12,Montreal Canadiens,St. Louis Blues,Montreal Canadiens,St. Louis Blues,6,3,REG
2019-10-12,Detroit Red Wings,Toronto Maple Leafs,Toronto Maple Leafs,Detroit Red Wings,5,2,REG
2019-10-12,New York Islanders,Florida Panthers,New York Islanders,Florida Panthers,3,2,SO
2019-10-12,Carolina Hurricanes,Columbus Blue Jackets,Columbus Blue Jackets,Carolina Hurricanes,3,2,REG
2019-10-12,Chicago Blackhawks,Winnipeg Jets,Winnipeg Jets,Chicago Blackhawks,3,2,OT
2019-10-13,Dallas Stars,Washington Capitals,Washington Capitals,Dallas Stars,4,1,REG
2019-10-13,Minnesota Wild,Pittsburgh Penguins,Pittsburgh Penguins,Minnesota Wild,7,4,REG
2019-10-13,Colorado Avalanche,Arizona Coyotes,Colorado Avalanche,Arizona Coyotes,3,2,OT
2019-10-13,Vancouver Canucks,Philadelphia Flyers,Vancouver Canucks,Philadelphia Flyers,3,2,SO
2019-10-13,Vegas Golden Knights,Calgary Flames,Vegas Golden Knights,Calgary Flames,6,2,REG
2019-10-13,Winnipeg Jets,Pittsburgh Penguins,Pittsburgh Penguins,Winnipeg Jets,6,2,REG
2019-10-14,Los Angeles Kings,Vegas Golden Knights,Vegas Golden Knights,Los Angeles Kings,5,2,REG
2019-10-14,San Jose Sharks,Calgary Flames,San Jose Sharks,Calgary Flames,3,1,REG
2019-10-14,Boston Bruins,Anaheim Ducks,Boston Bruins,Anaheim Ducks,4,2,REG
2019-10-14,Ottawa Senators,Minnesota Wild,Minnesota Wild,Ottawa Senators,2,0,REG
2019-10-14,New Jersey Devils,Florida Panthers,Florida Panthers,New Jersey Devils,6,4,REG
2019-10-14,New York Islanders,St. Louis Blues,New York Islanders,St. Louis Blues,3,2,OT
2019-10-14,Buffalo Sabres,Dallas Stars,Buffalo Sabres,Dallas Stars,4,0,REG
2019-10-14,Washington Capitals,Colorado Avalanche,Colorado Avalanche,Washington Capitals,6,3,REG
2019-10-15,Chicago Blackhawks,Edmonton Oilers,Chicago Blackhawks,Edmonton Oilers,3,1,REG
2019-10-15,Toronto Maple Leafs,Minnesota Wild,Toronto Maple Leafs,Minnesota Wild,4,2,REG
2019-10-15,Montreal Canadiens,Tampa Bay Lightning,Tampa Bay Lightning,Montreal Canadiens,3,1,REG
2019-10-16,Winnipeg Jets,Arizona Coyotes,Arizona Coyotes,Winnipeg Jets,4,2,REG
2019-10-16,Calgary Flames,Philadelphia Flyers,Calgary Flames,Philadelphia Flyers,3,1,REG
2019-10-16,Vancouver Canucks,Detroit Red Wings,Vancouver Canucks,Detroit Red Wings,5,1,REG
2019-10-16,Vegas Golden Knights,Nashville Predators,Nashville Predators,Vegas Golden Knights,5,2,REG
2019-10-16,Los Angeles Kings,Carolina Hurricanes,Carolina Hurricanes,Los Angeles Kings,2,0,REG
2019-10-16,Pittsburgh Penguins,Colorado Avalanche,Pittsburgh Penguins,Colorado Avalanche,3,2,OT
2019-10-16,Washington Capitals,Toronto Maple Leafs,Washington Capitals,Toronto Maple Leafs,4,3,REG
2019-10-16,Columbus Blue Jackets,Dallas Stars,Columbus Blue Jackets,Dallas Stars,3,2,REG
2019-10-17,Edmonton Oilers,Philadelphia Flyers,Edmonton Oilers,Philadelphia Flyers,6,3,REG
2019-10-17,Anaheim Ducks,Buffalo Sabres,Anaheim Ducks,Buffalo Sabres,5,2,REG
2019-10-17,San Jose Sharks,Carolina Hurricanes,San Jose Sharks,Carolina Hurricanes,5,2,REG
2019-10-17,Boston Bruins,Tampa Bay Lightning,Tampa Bay Lightning,Boston Bruins,4,3,SO
2019-10-17,Montreal Canadiens,Minnesota Wild,Montreal Canadiens,Minnesota Wild,4,0,REG
2019-10-17,New Jersey Devils,New York Rangers,New Jersey Devils,New York Rangers,5,2,REG
2019-10-18,St. Louis Blues,Vancouver Canucks,Vancouver Canucks,St. Louis Blues,4,3,SO
2019-10-18,Winnipeg Jets,New York Islanders,New York Islanders,Winnipeg Jets,3,1,REG
2019-10-18,Calgary Flames,Detroit Red Wings,Calgary Flames,Detroit Red Wings,5,1,REG
2019-10-18,Arizona Coyotes,Nashville Predators,Arizona Coyotes,Nashville Predators,5,2,REG
2019-10-18,Vegas Golden Knights,Ottawa Senators,Vegas Golden Knights,Ottawa Senators,3,2,SO
2019-10-18,Los Angeles Kings,Buffalo Sabres,Buffalo Sabres,Los Angeles Kings,3,0,REG
2019-10-18,Florida Panthers,Colorado Avalanche,Colorado Avalanche,Florida Panthers,5,4,OT
2019-10-18,Pittsburgh Penguins,Dallas Stars,Pittsburgh Penguins,Dallas Stars,4,2,REG
2019-10-18,Washington Capitals,New York Rangers,Washington Capitals,New York Rangers,5,2,REG
2019-10-19,Chicago Blackhawks,Columbus Blue Jackets,Chicago Blackhawks,Columbus Blue Jackets,3,2,OT
2019-10-19,Edmonton Oilers,Detroit Red Wings,Edmonton Oilers,Detroit Red Wings,2,1,REG
2019-10-19,Anaheim Ducks,Carolina Hurricanes,Anaheim Ducks,Carolina Hurricanes,4,2,REG
2019-10-19,St. Louis Blues,Montreal Canadiens,Montreal Canadiens,St. Louis Blues,5,2,REG
2019-10-19,Toronto Maple Leafs,Boston Bruins,Toronto Maple Leafs,Boston Bruins,4,3,OT
2019-10-19,Tampa Bay Lightning,Colorado Avalanche,Colorado Avalanche,Tampa Bay Lightning,6,2,REG
2019-10-19,Philadelphia Flyers,Dallas Stars,Dallas Stars,Philadelphia Flyers,4,1,REG
2019-10-19,Pittsburgh Penguins,Vegas Golden Knights,Vegas Golden Knights,Pittsburgh Penguins,3,0,REG
2019-10-19,Columbus Blue Jackets,New York Islanders,New York Islanders,Columbus Blue Jackets,3,2,OT
2019-10-19,Arizona Coyotes,Ottawa Senators,Arizona Coyotes,Ottawa Senators,5,2,REG
2019-10-20,Nashville Predators,Florida Panthers,Florida Panthers,Nashville Predators,3,2,SO
2019-10-20,Los Angeles Kings,Calgary Flames,Los Angeles Kings,Calgary Flames,4,1,REG
2019-10-20,San Jose Sharks,Buffalo Sabres,Buffalo Sabres,San Jose Sharks,4,3,REG
2019-10-20,New York Rangers,Vancouver Canucks,Vancouver Canucks,New York Rangers,3,2,REG
2019-10-20,Minnesota Wild,Montreal Canadiens,Minnesota Wild,Montreal Canadiens,4,3,REG
2019-10-20,Chicago Blackhawks,Washington Capitals,Washington Capitals,Chicago Blackhawks,5,3,REG
2019-10-21,Anaheim Ducks,Calgary Flames,Calgary Flames,Anaheim Ducks,2,1,REG
2019-10-21,Toronto Maple Leafs,Columbus Blue Jackets,Columbus Blue Jackets,Toronto Maple Leafs,4,3,OT
2019-10-21,Philadelphia Flyers,Vegas Golden Knights,Philadelphia Flyers,Vegas Golden Knights,6,2,REG
2019-10-22,St. Louis Blues,Colorado Avalanche,St. Louis Blues,Colorado Avalanche,3,1,REG
2019-10-22,Dallas Stars,Ottawa Senators,Dallas Stars,Ottawa Senators,2,1,REG
2019-10-22,Boston Bruins,Toronto Maple Leafs,Boston Bruins,Toronto Maple Leafs,4,2,REG
2019-10-22,Buffalo Sabres,San Jose Sharks,Buffalo Sabres,San Jose Sharks,4,3,OT
2019-10-22,Florida Panthers,Pittsburgh Penguins,Florida Panthers,Pittsburgh Penguins,4,2,REG
2019-10-22,New York Rangers,Arizona Coyotes,Arizona Coyotes,New York Rangers,3,2,OT
2019-10-22,Detroit Red Wings,Vancouver Canucks,Vancouver Canucks,Detroit Red Wings,5,2,REG
2019-10-23,Nashville Predators,Anaheim Ducks,Nashville Predators,Anaheim Ducks,5,1,REG
2019-10-23,Minnesota Wild,Edmonton Oilers,Minnesota Wild,Edmonton Oilers,3,0,REG
2019-10-23,Winnipeg Jets,Los Angeles Kings,Los Angeles Kings,Winnipeg Jets,3,2,REG
2019-10-23,Chicago Blackhawks,Vegas Golden Knights,Vegas Golden Knights,Chicago Blackhawks,2,1,SO
2019-10-23,Calgary Flames,Washington Capitals,Washington Capitals,Calgary Flames,5,3,REG
2019-10-23,Ottawa Senators,Detroit Red Wings,Ottawa Senators,Detroit Red Wings,5,2,REG
2019-10-24,Tampa Bay Lightning,Pittsburgh Penguins,Tampa Bay Lightning,Pittsburgh Penguins,3,2,REG
2019-10-24,Montreal Canadiens,San Jose Sharks,San Jose Sharks,Montreal Canadiens,4,2,REG
2019-10-24,New York Islanders,Arizona Coyotes,New York Islanders,Arizona Coyotes,4,2,REG
2019-10-24,New York Rangers,Buffalo Sabres,New York Rangers,Buffalo Sabres,6,2,REG
2019-10-24,Columbus Blue Jackets,Carolina Hurricanes,Columbus Blue Jackets,Carolina Hurricanes,4,3,OT
2019-10-25,St. Louis Blues,Los Angeles Kings,St. Louis Blues,Los Angeles Kings,5,2,REG
2019-10-25,Nashville Predators,Minnesota Wild,Nashville Predators,Minnesota Wild,4,0,REG
2019-10-25,Chicago Blackhawks,Philadelphia Flyers,Philadelphia Flyers,Chicago Blackhawks,4,1,REG
2019-10-25,Dallas Stars,Anaheim Ducks,Dallas Stars,Anaheim Ducks,2,1,REG
2019-10-25,Calgary Flames,Florida Panthers,Calgary Flames,Florida Panthers,6,5,SO
2019-10-25,Edmonton Oilers,Washington Capitals,Edmonton Oilers,Washington Capitals,4,3,OT
2019-10-25,Vegas Golden Knights,Colorado Avalanche,Colorado Avalanche,Vegas Golden Knights,5,1,REG
2019-10-25,Toronto Maple Leafs,San Jose Sharks,Toronto Maple Leafs,San Jose Sharks,4,1,REG
2019-10-25,New Jersey Devils,Arizona Coyotes,Arizona Coyotes,New Jersey Devils,5,3,REG
2019-10-25,Ottawa Senators,New York Islanders,New York Islanders,Ottawa Senators,4,2,REG
2019-10-25,Detroit Red Wings,Buffalo Sabres,Buffalo Sabres,Detroit Red Wings,2,0,REG
2019-10-26,Vancouver Canucks,Washington Capitals,Washington Capitals,Vancouver Canucks,6,5,SO
2019-10-26,Carolina Hurricanes,Chicago Blackhawks,Carolina Hurricanes,Chicago Blackhawks,4,0,REG
2019-10-26,Boston Bruins,St. Louis Blues,Boston Bruins,St. Louis Blues,3,0,REG
2019-10-26,Montreal Canadiens,Toronto Maple Leafs,Montreal Canadiens,Toronto Maple Leafs,5,2,REG
2019-10-26,Tampa Bay Lightning,Nashville Predators,Nashville Predators,Tampa Bay Lightning,3,2,OT
2019-10-26,Philadelphia Flyers,Columbus Blue Jackets,Philadelphia Flyers,Columbus Blue Jackets,7,4,REG
2019-10-27,Dallas Stars,Pittsburgh Penguins,Pittsburgh Penguins,Dallas Stars,3,0,REG
2019-10-27,Minnesota Wild,Los Angeles Kings,Minnesota Wild,Los Angeles Kings,5,1,REG
2019-10-27,Colorado Avalanche,Anaheim Ducks,Anaheim Ducks,Colorado Avalanche,5,2,REG
2019-10-27,Winnipeg Jets,Calgary Flames,Winnipeg Jets,Calgary Flames,2,1,OT
2019-10-27,Edmonton Oilers,Florida Panthers,Florida Panthers,Edmonton Oilers,6,2,REG
2019-10-27,Detroit Red Wings,St. Louis Blues,St. Louis Blues,Detroit Red Wings,5,4,OT
2019-10-27,Ottawa Senators,San Jose Sharks,Ottawa Senators,San Jose Sharks,5,2,REG
2019-10-27,New York Islanders,Philadelphia Flyers,New York Islanders,Philadelphia Flyers,5,3,REG
2019-10-27,New York Rangers,Boston Bruins,Boston Bruins,New York Rangers,7,4,REG
2019-10-27,Chicago Blackhawks,Los Angeles Kings,Chicago Blackhawks,Los Angeles Kings,5,1,REG
2019-10-28,Vegas Golden Knights,Anaheim Ducks,Vegas Golden Knights,Anaheim Ducks,5,2,REG
2019-10-28,Buffalo Sabres,Arizona Coyotes,Arizona Coyotes,Buffalo Sabres,3,2,SO
2019-10-29,Vancouver Canucks,Florida Panthers,Vancouver Canucks,Florida Panthers,6,2,REG
2019-10-29,Boston Bruins,San Jose Sharks,Boston Bruins,San Jose Sharks,5,1,REG
2019-10-29,Toronto Maple Leafs,Washington Capitals,Washington Capitals,Toronto Maple Leafs,4,3,OT
2019-10-29,Pittsburgh Penguins,Philadelphia Flyers,Pittsburgh Penguins,Philadelphia Flyers,5,1,REG
2019-10-29,Carolina Hurricanes,Calgary Flames,Carolina Hurricanes,Calgary Flames,2,1,REG
2019-10-29,New York Rangers,Tampa Bay Lightning,New York Rangers,Tampa Bay Lightning,4,1,REG
2019-10-29,Detroit Red Wings,Edmonton Oilers,Detroit Red Wings,Edmonton Oilers,3,1,REG
2019-10-30,Nashville Predators,Chicago Blackhawks,Nashville Predators,Chicago Blackhawks,3,0,REG
2019-10-30,Dallas Stars,Minnesota Wild,Dallas Stars,Minnesota Wild,6,3,REG
2019-10-30,Anaheim Ducks,Winnipeg Jets,Anaheim Ducks,Winnipeg Jets,7,4,REG
2019-10-30,New Jersey Devils,Tampa Bay Lightning,Tampa Bay Lightning,New Jersey Devils,7,6,OT
2019-10-30,Columbus Blue Jackets,Edmonton Oilers,Edmonton Oilers,Columbus Blue Jackets,4,1,REG
2019-10-31,St. Louis Blues,Minnesota Wild,St. Louis Blues,Minnesota Wild,2,1,REG
2019-10-31,Colorado Avalanche,Florida Panthers,Florida Panthers,Colorado Avalanche,4,3,OT
2019-10-31,Arizona Coyotes,Montreal Canadiens,Montreal Canadiens,Arizona Coyotes,4,1,REG
2019-10-31,Los Angeles Kings,Vancouver Canucks,Vancouver Canucks,Los Angeles Kings,5,3,REG
2019-11-01,Nashville Predators,Calgary Flames,Calgary Flames,Nashville Predators,6,5,OT
2019-11-01,Vegas Golden Knights,Montreal Canadiens,Montreal Canadiens,Vegas Golden Knights,5,4,OT
2019-11-01,New Jersey Devils,Philadelphia Flyers,Philadelphia Flyers,New Jersey Devils,4,3,SO
2019-11-01,New York Islanders,Tampa Bay Lightning,New York Islanders,Tampa Bay Lightning,5,2,REG
2019-11-01,Washington Capitals,Buffalo Sabres,Washington Capitals,Buffalo Sabres,5,1,REG
2019-11-01,Carolina Hurricanes,Detroit Red Wings,Carolina Hurricanes,Detroit Red Wings,7,3,REG
2019-11-02,St. Louis Blues,Columbus Blue Jackets,St. Louis Blues,Columbus Blue Jackets,4,3,OT
2019-11-02,Colorado Avalanche,Dallas Stars,Dallas Stars,Colorado Avalanche,2,1,REG
2019-11-02,Anaheim Ducks,Vancouver Canucks,Anaheim Ducks,Vancouver Canucks,2,1,OT
2019-11-02,San Jose Sharks,Winnipeg Jets,Winnipeg Jets,San Jose Sharks,3,2,REG
2019-11-02,Pittsburgh Penguins,Edmonton Oilers,Edmonton Oilers,Pittsburgh Penguins,2,1,OT
2019-11-02,Nashville Predators,New York Rangers,New York Rangers,Nashville Predators,2,1,REG
2019-11-02,Boston Bruins,Ottawa Senators,Boston Bruins,Ottawa Senators,5,2,REG
2019-11-02,Florida Panthers,Detroit Red Wings,Florida Panthers,Detroit Red Wings,4,0,REG
2019-11-02,Philadelphia Flyers,Toronto Maple Leafs,Toronto Maple Leafs,Philadelphia Flyers,4,3,SO
2019-11-02,Carolina Hurricanes,New Jersey Devils,New Jersey Devils,Carolina Hurricanes,5,3,REG
2019-11-02,Columbus Blue Jackets,Calgary Flames,Calgary Flames,Columbus Blue Jackets,3,0,REG
2019-11-02,Dallas Stars,Montreal Canadiens,Dallas Stars,Montreal Canadiens,4,1,REG
2019-11-03,Minnesota Wild,St. Louis Blues,St. Louis Blues,Minnesota Wild,4,3,OT
2019-11-03,Arizona Coyotes,Colorado Avalanche,Arizona Coyotes,Colorado Avalanche,3,0,REG
2019-11-03,Vegas Golden Knights,Winnipeg Jets,Winnipeg Jets,Vegas Golden Knights,4,3,OT
2019-11-03,San Jose Sharks,Vancouver Canucks,Vancouver Canucks,San Jose Sharks,5,2,REG
2019-11-03,Los Angeles Kings,Chicago Blackhawks,Los Angeles Kings,Chicago Blackhawks,4,3,OT
2019-11-04,Washington Capitals,Calgary Flames,Washington Capitals,Calgary Flames,4,2,REG
2019-11-04,Anaheim Ducks,Chicago Blackhawks,Chicago Blackhawks,Anaheim Ducks,3,2,OT
2019-11-05,Boston Bruins,Pittsburgh Penguins,Boston Bruins,Pittsburgh Penguins,6,4,REG
2019-11-05,New York Rangers,Ottawa Senators,Ottawa Senators,New York Rangers,6,2,REG
2019-11-05,Detroit Red Wings,Nashville Predators,Nashville Predators,Detroit Red Wings,5,1,REG
2019-11-05,Edmonton Oilers,Arizona Coyotes,Arizona Coyotes,Edmonton Oilers,3,2,OT
2019-11-06,New York Islanders,Ottawa Senators,New York Islanders,Ottawa Senators,4,1,REG
2019-11-06,Philadelphia Flyers,Carolina Hurricanes,Philadelphia Flyers,Carolina Hurricanes,4,1,REG
2019-11-06,Columbus Blue Jackets,Vegas Golden Knights,Vegas Golden Knights,Columbus Blue Jackets,2,1,REG
2019-11-06,Montreal Canadiens,Boston Bruins,Montreal Canadiens,Boston Bruins,5,4,REG
2019-11-06,Toronto Maple Leafs,Los Angeles Kings,Toronto Maple Leafs,Los Angeles Kings,3,1,REG
2019-11-06,Winnipeg Jets,New Jersey Devils,New Jersey Devils,Winnipeg Jets,2,1,SO
2019-11-06,Dallas Stars,Colorado Avalanche,Dallas Stars,Colorado Avalanche,4,1,REG
2019-11-06,Calgary Flames,Arizona Coyotes,Calgary Flames,Arizona Coyotes,4,3,OT
2019-11-06,Vancouver Canucks,St. Louis Blues,St. Louis Blues,Vancouver Canucks,2,1,OT
2019-11-06,Anaheim Ducks,Minnesota Wild,Minnesota Wild,Anaheim Ducks,4,2,REG
2019-11-06,San Jose Sharks,Chicago Blackhawks,San Jose Sharks,Chicago Blackhawks,4,2,REG
2019-11-07,New York Rangers,Detroit Red Wings,New York Rangers,Detroit Red Wings,5,1,REG
2019-11-07,Edmonton Oilers,St. Louis Blues,St. Louis Blues,Edmonton Oilers,5,2,REG
2019-11-08,Toronto Maple Leafs,Vegas Golden Knights,Toronto Maple Leafs,Vegas Golden Knights,2,1,OT
2019-11-08,Florida Panthers,Washington Capitals,Washington Capitals,Florida Panthers,5,4,OT
2019-11-08,New York Islanders,Pittsburgh Penguins,Pittsburgh Penguins,New York Islanders,4,3,OT
2019-11-08,Philadelphia Flyers,Montreal Canadiens,Philadelphia Flyers,Montreal Canadiens,3,2,OT
2019-11-08,Carolina Hurricanes,New York Rangers,New York Rangers,Carolina Hurricanes,4,2,REG
2019-11-08,Ottawa Senators,Los Angeles Kings,Ottawa Senators,Los Angeles Kings,3,2,OT
2019-11-08,Chicago Blackhawks,Vancouver Canucks,Chicago Blackhawks,Vancouver Canucks,5,2,REG
2019-11-08,Colorado Avalanche,Nashville Predators,Colorado Avalanche,Nashville Predators,8,4,REG
2019-11-08,Calgary Flames,New Jersey Devils,Calgary Flames,New Jersey Devils,5,2,REG
2019-11-08,Arizona Coyotes,Columbus Blue Jackets,Columbus Blue Jackets,Arizona Coyotes,3,2,REG
2019-11-08,San Jose Sharks,Minnesota Wild,San Jose Sharks,Minnesota Wild,6,5,REG
2019-11-08,Buffalo Sabres,Tampa Bay Lightning,Tampa Bay Lightning,Buffalo Sabres,3,2,REG
2019-11-09,Detroit Red Wings,Boston Bruins,Detroit Red Wings,Boston Bruins,4,2,REG
2019-11-09,Winnipeg Jets,Vancouver Canucks,Winnipeg Jets,Vancouver Canucks,4,1,REG
2019-11-09,Edmonton Oilers,New Jersey Devils,Edmonton Oilers,New Jersey Devils,4,0,REG
2019-11-09,New York Islanders,Florida Panthers,New York Islanders,Florida Panthers,2,1,REG
2019-11-09,Tampa Bay Lightning,Buffalo Sabres,Tampa Bay Lightning,Buffalo Sabres,5,3,REG
2019-11-10,Toronto Maple Leafs,Philadelphia Flyers,Philadelphia Flyers,Toronto Maple Leafs,3,2,SO
2019-11-10,Montreal Canadiens,Los Angeles Kings,Montreal Canadiens,Los Angeles Kings,3,2,REG
2019-11-10,Ottawa Senators,Carolina Hurricanes,Ottawa Senators,Carolina Hurricanes,4,1,REG
2019-11-10,Pittsburgh Penguins,Chicago Blackhawks,Pittsburgh Penguins,Chicago Blackhawks,3,2,SO
2019-11-10,Washington Capitals,Vegas Golden Knights,Washington Capitals,Vegas Golden Knights,5,2,REG
2019-11-10,Arizona Coyotes,Minnesota Wild,Minnesota Wild,Arizona Coyotes,4,3,REG
2019-11-10,Colorado Avalanche,Columbus Blue Jackets,Colorado Avalanche,Columbus Blue Jackets,4,2,REG
2019-11-10,Calgary Flames,St. Louis Blues,St. Louis Blues,Calgary Flames,3,2,OT
2019-11-10,San Jose Sharks,Nashville Predators,San Jose Sharks,Nashville Predators,2,1,SO
2019-11-10,New York Rangers,Florida Panthers,Florida Panthers,New York Rangers,6,5,SO
2019-11-10,Winnipeg Jets,Dallas Stars,Winnipeg Jets,Dallas Stars,3,2,OT
2019-11-10,Vancouver Canucks,New Jersey Devils,New Jersey Devils,Vancouver Canucks,2,1,REG
2019-11-10,Detroit Red Wings,Vegas Golden Knights,Detroit Red Wings,Vegas Golden Knights,3,2,REG
2019-11-11,Boston Bruins,Philadelphia Flyers,Philadelphia Flyers,Boston Bruins,3,2,SO
2019-11-11,Chicago Blackhawks,Toronto Maple Leafs,Chicago Blackhawks,Toronto Maple Leafs,5,4,REG
2019-11-11,Anaheim Ducks,Edmonton Oilers,Edmonton Oilers,Anaheim Ducks,6,2,REG
2019-11-12,Washington Capitals,Arizona Coyotes,Arizona Coyotes,Washington Capitals,4,3,SO
2019-11-12,Carolina Hurricanes,Ottawa Senators,Carolina Hurricanes,Ottawa Senators,6,2,REG
2019-11-13,Boston Bruins,Florida Panthers,Florida Panthers,Boston Bruins,5,4,SO
2019-11-13,Montreal Canadiens,Columbus Blue Jackets,Montreal Canadiens,Columbus Blue Jackets,3,2,SO
2019-11-13,New York Rangers,Pittsburgh Penguins,New York Rangers,Pittsburgh Penguins,3,2,OT
2019-11-13,St. Louis Blues,Arizona Coyotes,Arizona Coyotes,St. Louis Blues,3,2,SO
2019-11-13,Winnipeg Jets,Colorado Avalanche,Colorado Avalanche,Winnipeg Jets,4,0,REG
2019-11-13,Vancouver Canucks,Nashville Predators,Vancouver Canucks,Nashville Predators,5,3,REG
2019-11-13,Anaheim Ducks,Detroit Red Wings,Detroit Red Wings,Anaheim Ducks,4,3,OT
2019-11-13,Los Angeles Kings,Minnesota Wild,Los Angeles Kings,Minnesota Wild,3,1,REG
2019-11-13,San Jose Sharks,Edmonton Oilers,San Jose Sharks,Edmonton Oilers,6,3,REG
2019-11-14,New Jersey Devils,Ottawa Senators,Ottawa Senators,New Jersey Devils,4,2,REG
2019-11-14,New York Islanders,Toronto Maple Leafs,New York Islanders,Toronto Maple Leafs,5,4,REG
2019-11-14,Philadelphia Flyers,Washington Capitals,Washington Capitals,Philadelphia Flyers,2,1,SO
2019-11-14,Calgary Flames,Dallas Stars,Dallas Stars,Calgary Flames,3,1,REG
2019-11-14,Vegas Golden Knights,Chicago Blackhawks,Chicago Blackhawks,Vegas Golden Knights,5,3,REG
2019-11-15,Buffalo Sabres,Carolina Hurricanes,Carolina Hurricanes,Buffalo Sabres,5,4,OT
2019-11-15,Tampa Bay Lightning,New York Rangers,Tampa Bay Lightning,New York Rangers,7,3,REG
2019-11-15,Florida Panthers,Winnipeg Jets,Winnipeg Jets,Florida Panthers,4,3,REG
2019-11-15,Minnesota Wild,Arizona Coyotes,Minnesota Wild,Arizona Coyotes,3,2,REG
2019-11-15,Edmonton Oilers,Colorado Avalanche,Edmonton Oilers,Colorado Avalanche,6,2,REG
2019-11-15,Vancouver Canucks,Dallas Stars,Dallas Stars,Vancouver Canucks,4,2,REG
2019-11-15,Anaheim Ducks,San Jose Sharks,San Jose Sharks,Anaheim Ducks,5,3,REG
2019-11-15,Los Angeles Kings,Detroit Red Wings,Los Angeles Kings,Detroit Red Wings,3,2,OT
2019-11-16,Toronto Maple Leafs,Boston Bruins,Boston Bruins,Toronto Maple Leafs,4,2,REG
2019-11-16,New Jersey Devils,Pittsburgh Penguins,New Jersey Devils,Pittsburgh Penguins,2,1,REG
2019-11-16,Washington Capitals,Montreal Canadiens,Montreal Canadiens,Washington Capitals,5,2,REG
2019-11-16,Columbus Blue Jackets,St. Louis Blues,Columbus Blue Jackets,St. Louis Blues,3,2,OT
2019-11-16,Ottawa Senators,Philadelphia Flyers,Ottawa Senators,Philadelphia Flyers,2,1,REG
2019-11-16,Minnesota Wild,Carolina Hurricanes,Carolina Hurricanes,Minnesota Wild,4,3,OT
2019-11-16,Tampa Bay Lightning,Winnipeg Jets,Winnipeg Jets,Tampa Bay Lightning,4,3,REG
2019-11-16,Edmonton Oilers,Dallas Stars,Dallas Stars,Edmonton Oilers,5,4,OT
2019-11-16,Arizona Coyotes,Calgary Flames,Arizona Coyotes,Calgary Flames,3,0,REG
2019-11-16,Los Angeles Kings,Vegas Golden Knights,Los Angeles Kings,Vegas Golden Knights,4,3,REG
2019-11-17,Boston Bruins,Washington Capitals,Washington Capitals,Boston Bruins,3,2,SO
2019-11-17,Buffalo Sabres,Ottawa Senators,Buffalo Sabres,Ottawa Senators,4,2,REG
2019-11-17,Montreal Canadiens,New Jersey Devils,New Jersey Devils,Montreal Canadiens,4,3,OT
2019-11-17,Florida Panthers,New York Rangers,Florida Panthers,New York Rangers,4,3,REG
2019-11-17,Philadelphia Flyers,New York Islanders,New York Islanders,Philadelphia Flyers,4,3,SO
2019-11-17,Pittsburgh Penguins,Toronto Maple Leafs,Pittsburgh Penguins,Toronto Maple Leafs,5,1,REG
2019-11-17,St. Louis Blues,Anaheim Ducks,Anaheim Ducks,St. Louis Blues,4,1,REG
2019-11-17,Nashville Predators,Chicago Blackhawks,Chicago Blackhawks,Nashville Predators,6,2,REG
2019-11-17,Vancouver Canucks,Colorado Avalanche,Colorado Avalanche,Vancouver Canucks,5,4,OT
2019-11-17,San Jose Sharks,Detroit Red Wings,San Jose Sharks,Detroit Red Wings,4,3,SO
2019-11-18,Chicago Blackhawks,Buffalo Sabres,Chicago Blackhawks,Buffalo Sabres,4,1,REG
2019-11-18,Vegas Golden Knights,Calgary Flames,Vegas Golden Knights,Calgary Flames,4,0,REG
2019-11-19,Washington Capitals,Anaheim Ducks,Washington Capitals,Anaheim Ducks,5,2,REG
2019-11-19,Arizona Coyotes,Los Angeles Kings,Arizona Coyotes,Los Angeles Kings,3,0,REG
2019-11-20,Buffalo Sabres,Minnesota Wild,Minnesota Wild,Buffalo Sabres,4,1,REG
2019-11-20,Florida Panthers,Philadelphia Flyers,Florida Panthers,Philadelphia Flyers,5,2,REG
2019-11-20,New Jersey Devils,Boston Bruins,Boston Bruins,New Jersey Devils,5,1,REG
2019-11-20,Pittsburgh Penguins,New York Islanders,New York Islanders,Pittsburgh Penguins,5,4,OT
2019-11-20,Columbus Blue Jackets,Montreal Canadiens,Columbus Blue Jackets,Montreal Canadiens,5,2,REG
2019-11-20,Detroit Red Wings,Ottawa Senators,Ottawa Senators,Detroit Red Wings,4,3,REG
2019-11-20,St. Louis Blues,Tampa Bay Lightning,St. Louis Blues,Tampa Bay Lightning,3,1,REG
2019-11-20,Nashville Predators,Winnipeg Jets,Winnipeg Jets,Nashville Predators,2,1,REG
2019-11-20,Chicago Blackhawks,Carolina Hurricanes,Carolina Hurricanes,Chicago Blackhawks,4,2,REG
2019-11-20,Dallas Stars,Vancouver Canucks,Dallas Stars,Vancouver Canucks,5,1,REG
2019-11-20,Calgary Flames,Colorado Avalanche,Colorado Avalanche,Calgary Flames,3,2,REG
2019-11-20,Vegas Golden Knights,Toronto Maple Leafs,Vegas Golden Knights,Toronto Maple Leafs,4,2,REG
2019-11-20,San Jose Sharks,Edmonton Oilers,Edmonton Oilers,San Jose Sharks,5,2,REG
2019-11-21,Montreal Canadiens,Ottawa Senators,Ottawa Senators,Montreal Canadiens,2,1,OT
2019-11-21,New York Rangers,Washington Capitals,New York Rangers,Washington Capitals,4,1,REG
2019-11-22,Boston Bruins,Buffalo Sabres,Boston Bruins,Buffalo Sabres,3,2,REG
2019-11-22,Florida Panthers,Anaheim Ducks,Florida Panthers,Anaheim Ducks,5,4,OT
2019-11-22,New York Islanders,Pittsburgh Penguins,New York Islanders,Pittsburgh Penguins,4,3,OT
2019-11-22,Carolina Hurricanes,Philadelphia Flyers,Philadelphia Flyers,Carolina Hurricanes,5,3,REG
2019-11-22,Columbus Blue Jackets,Detroit Red Wings,Columbus Blue Jackets,Detroit Red Wings,5,4,REG
2019-11-22,St. Louis Blues,Calgary Flames,St. Louis Blues,Calgary Flames,4,0,REG
2019-11-22,Nashville Predators,Vancouver Canucks,Vancouver Canucks,Nashville Predators,6,3,REG
2019-11-22,Minnesota Wild,Colorado Avalanche,Minnesota Wild,Colorado Avalanche,3,2,REG
2019-11-22,Chicago Blackhawks,Tampa Bay Lightning,Tampa Bay Lightning,Chicago Blackhawks,4,2,REG
2019-11-22,Dallas Stars,Winnipeg Jets,Dallas Stars,Winnipeg Jets,5,3,REG
2019-11-22,Arizona Coyotes,Toronto Maple Leafs,Toronto Maple Leafs,Arizona Coyotes,3,1,REG
2019-11-22,Vegas Golden Knights,San Jose Sharks,San Jose Sharks,Vegas Golden Knights,2,1,OT
2019-11-22,Los Angeles Kings,Edmonton Oilers,Los Angeles Kings,Edmonton Oilers,5,1,REG
2019-11-23,Pittsburgh Penguins,New Jersey Devils,Pittsburgh Penguins,New Jersey Devils,4,1,REG
2019-11-23,Ottawa Senators,New York Rangers,Ottawa Senators,New York Rangers,4,1,REG
2019-11-23,Washington Capitals,Vancouver Canucks,Vancouver Canucks,Washington Capitals,2,1,SO
2019-11-23,Philadelphia Flyers,Calgary Flames,Calgary Flames,Philadelphia Flyers,3,2,SO
2019-11-23,Los Angeles Kings,Arizona Coyotes,Arizona Coyotes,Los Angeles Kings,3,2,REG
2019-11-24,Boston Bruins,Minnesota Wild,Boston Bruins,Minnesota Wild,5,4,OT
2019-11-24,Montreal Canadiens,New York Rangers,New York Rangers,Montreal Canadiens,6,5,REG
2019-11-24,Tampa Bay Lightning,Anaheim Ducks,Tampa Bay Lightning,Anaheim Ducks,6,2,REG
2019-11-24,New Jersey Devils,Detroit Red Wings,New Jersey Devils,Detroit Red Wings,5,1,REG
2019-11-24,Carolina Hurricanes,Florida Panthers,Carolina Hurricanes,Florida Panthers,4,2,REG
2019-11-24,Winnipeg Jets,Columbus Blue Jackets,Winnipeg Jets,Columbus Blue Jackets,4,3,REG
2019-11-24,Colorado Avalanche,Toronto Maple Leafs,Toronto Maple Leafs,Colorado Avalanche,5,3,REG
2019-11-24,St. Louis Blues,Nashville Predators,Nashville Predators,St. Louis Blues,4,2,REG
2019-11-24,Dallas Stars,Chicago Blackhawks,Dallas Stars,Chicago Blackhawks,2,1,SO
2019-11-24,Vegas Golden Knights,Edmonton Oilers,Edmonton Oilers,Vegas Golden Knights,4,2,REG
2019-11-24,San Jose Sharks,New York Islanders,San Jose Sharks,New York Islanders,2,1,OT
2019-11-24,Florida Panthers,Buffalo Sabres,Buffalo Sabres,Florida Panthers,5,2,REG
2019-11-25,Detroit Red Wings,Carolina Hurricanes,Carolina Hurricanes,Detroit Red Wings,2,0,REG
2019-11-25,Arizona Coyotes,Edmonton Oilers,Edmonton Oilers,Arizona Coyotes,4,3,SO
2019-11-26,Tampa Bay Lightning,Buffalo Sabres,Tampa Bay Lightning,Buffalo Sabres,5,2,REG
2019-11-26,New York Rangers,Minnesota Wild,New York Rangers,Minnesota Wild,3,2,OT
2019-11-26,Philadelphia Flyers,Vancouver Canucks,Philadelphia Flyers,Vancouver Canucks,2,1,REG
2019-11-26,Pittsburgh Penguins,Calgary Flames,Pittsburgh Penguins,Calgary Flames,3,2,OT
2019-11-26,Nashville Predators,St. Louis Blues,Nashville Predators,St. Louis Blues,3,2,SO
2019-11-26,Dallas Stars,Vegas Golden Knights,Dallas Stars,Vegas Golden Knights,4,2,REG
2019-11-26,Anaheim Ducks,New York Islanders,Anaheim Ducks,New York Islanders,3,0,REG
2019-11-26,Los Angeles Kings,San Jose Sharks,San Jose Sharks,Los Angeles Kings,4,3,OT
2019-11-27,Montreal Canadiens,Boston Bruins,Boston Bruins,Montreal Canadiens,5,1,REG
2019-11-27,New Jersey Devils,Minnesota Wild,Minnesota Wild,New Jersey Devils,3,2,REG
2019-11-27,Chicago Blackhawks,Dallas Stars,Chicago Blackhawks,Dallas Stars,3,0,REG
2019-11-28,Buffalo Sabres,Calgary Flames,Calgary Flames,Buffalo Sabres,3,2,OT
2019-11-28,Ottawa Senators,Boston Bruins,Boston Bruins,Ottawa Senators,2,1,REG
2019-11-28,Detroit Red Wings,Toronto Maple Leafs,Toronto Maple Leafs,Detroit Red Wings,4,0,REG
2019-11-28,Tampa Bay Lightning,St. Louis Blues,St. Louis Blues,Tampa Bay Lightning,4,3,REG
2019-11-28,New York Rangers,Carolina Hurricanes,New York Rangers,Carolina Hurricanes,3,2,REG
2019-11-28,Pittsburgh Penguins,Vancouver Canucks,Pittsburgh Penguins,Vancouver Canucks,8,6,REG
2019-11-28,Washington Capitals,Florida Panthers,Washington Capitals,Florida Panthers,4,3,REG
2019-11-28,Columbus Blue Jackets,Philadelphia Flyers,Philadelphia Flyers,Columbus Blue Jackets,3,2,REG
2019-11-28,Nashville Predators,Vegas Golden Knights,Vegas Golden Knights,Nashville Predators,4,3,OT
2019-11-28,Arizona Coyotes,Anaheim Ducks,Arizona Coyotes,Anaheim Ducks,4,3,SO
2019-11-28,Colorado Avalanche,Edmonton Oilers,Colorado Avalanche,Edmonton Oilers,4,1,REG
2019-11-28,Los Angeles Kings,New York Islanders,Los Angeles Kings,New York Islanders,4,1,REG
2019-11-28,San Jose Sharks,Winnipeg Jets,Winnipeg Jets,San Jose Sharks,5,1,REG
2019-11-29,Montreal Canadiens,New Jersey Devils,New Jersey Devils,Montreal Canadiens,6,4,REG
2019-11-29,Boston Bruins,New York Rangers,Boston Bruins,New York Rangers,3,2,OT
2019-11-29,Buffalo Sabres,Toronto Maple Leafs,Buffalo Sabres,Toronto Maple Leafs,6,4,REG
2019-11-29,Philadelphia Flyers,Detroit Red Wings,Philadelphia Flyers,Detroit Red Wings,5,1,REG
2019-11-29,Chicago Blackhawks,Colorado Avalanche,Colorado Avalanche,Chicago Blackhawks,5,2,REG
2019-11-29,Minnesota Wild,Ottawa Senators,Minnesota Wild,Ottawa Senators,6,2,REG
2019-11-29,Anaheim Ducks,Winnipeg Jets,Winnipeg Jets,Anaheim Ducks,3,0,REG
2019-11-29,San Jose Sharks,Los Angeles Kings,San Jose Sharks,Los Angeles Kings,4,1,REG
2019-11-29,Washington Capitals,Tampa Bay Lightning,Washington Capitals,Tampa Bay Lightning,4,3,OT
2019-11-29,Vegas Golden Knights,Arizona Coyotes,Vegas Golden Knights,Arizona Coyotes,2,1,SO
2019-11-30,Columbus Blue Jackets,Pittsburgh Penguins,Columbus Blue Jackets,Pittsburgh Penguins,5,2,REG
2019-11-30,Carolina Hurricanes,Nashville Predators,Nashville Predators,Carolina Hurricanes,3,0,REG
2019-11-30,Dallas Stars,St. Louis Blues,St. Louis Blues,Dallas Stars,3,1,REG
2019-11-30,New Jersey Devils,New York Rangers,New York Rangers,New Jersey Devils,4,0,REG
2019-11-30,Montreal Canadiens,Philadelphia Flyers,Philadelphia Flyers,Montreal Canadiens,4,3,OT
2019-12-01,Toronto Maple Leafs,Buffalo Sabres,Toronto Maple Leafs,Buffalo Sabres,2,1,OT
2019-12-01,Detroit Red Wings,Washington Capitals,Washington Capitals,Detroit Red Wings,5,2,REG
2019-12-01,Tampa Bay Lightning,Carolina Hurricanes,Carolina Hurricanes,Tampa Bay Lightning,3,2,REG
2019-12-01,Florida Panthers,Nashville Predators,Florida Panthers,Nashville Predators,3,0,REG
2019-12-01,New York Islanders,Columbus Blue Jackets,New York Islanders,Columbus Blue Jackets,2,0,REG
2019-12-01,Calgary Flames,Ottawa Senators,Calgary Flames,Ottawa Senators,3,1,REG
2019-12-01,St. Louis Blues,Pittsburgh Penguins,St. Louis Blues,Pittsburgh Penguins,5,2,REG
2019-12-01,Arizona Coyotes,San Jose Sharks,San Jose Sharks,Arizona Coyotes,4,2,REG
2019-12-01,Colorado Avalanche,Chicago Blackhawks,Colorado Avalanche,Chicago Blackhawks,7,3,REG
2019-12-01,Edmonton Oilers,Vancouver Canucks,Vancouver Canucks,Edmonton Oilers,5,2,REG
2019-12-01,Los Angeles Kings,Winnipeg Jets,Los Angeles Kings,Winnipeg Jets,2,1,REG
2019-12-01,Minnesota Wild,Dallas Stars,Minnesota Wild,Dallas Stars,3,2,SO
2019-12-02,Boston Bruins,Montreal Canadiens,Boston Bruins,Montreal Canadiens,3,1,REG
2019-12-02,Vancouver Canucks,Edmonton Oilers,Edmonton Oilers,Vancouver Canucks,3,2,REG
2019-12-03,Buffalo Sabres,New Jersey Devils,Buffalo Sabres,New Jersey Devils,5,1,REG
2019-12-03,New York Rangers,Vegas Golden Knights,Vegas Golden Knights,New York Rangers,4,1,REG
2019-12-03,Detroit Red Wings,New York Islanders,New York Islanders,Detroit Red Wings,4,1,REG
2019-12-03,Chicago Blackhawks,St. Louis Blues,St. Louis Blues,Chicago Blackhawks,4,0,REG
2019-12-03,Anaheim Ducks,Los Angeles Kings,Anaheim Ducks,Los Angeles Kings,4,2,REG
2019-12-04,Boston Bruins,Carolina Hurricanes,Boston Bruins,Carolina Hurricanes,2,0,REG
2019-12-04,Montreal Canadiens,New York Islanders,Montreal Canadiens,New York Islanders,4,2,REG
2019-12-04,Florida Panthers,Minnesota Wild,Minnesota Wild,Florida Panthers,4,2,REG
2019-12-04,New Jersey Devils,Vegas Golden Knights,Vegas Golden Knights,New Jersey Devils,4,3,REG
2019-12-04,Philadelphia Flyers,Toronto Maple Leafs,Philadelphia Flyers,Toronto Maple Leafs,5,1,REG
2019-12-04,Columbus Blue Jackets,Arizona Coyotes,Arizona Coyotes,Columbus Blue Jackets,4,2,REG
2019-12-04,Nashville Predators,Tampa Bay Lightning,Tampa Bay Lightning,Nashville Predators,3,2,OT
2019-12-04,Winnipeg Jets,Dallas Stars,Winnipeg Jets,Dallas Stars,5,1,REG
2019-12-04,Vancouver Canucks,Ottawa Senators,Vancouver Canucks,Ottawa Senators,5,2,REG
2019-12-04,San Jose Sharks,Washington Capitals,Washington Capitals,San Jose Sharks,5,2,REG
2019-12-05,Toronto Maple Leafs,Colorado Avalanche,Colorado Avalanche,Toronto Maple Leafs,3,1,REG
2019-12-05,Pittsburgh Penguins,St. Louis Blues,Pittsburgh Penguins,St. Louis Blues,3,0,REG
2019-12-05,Edmonton Oilers,Ottawa Senators,Ottawa Senators,Edmonton Oilers,5,2,REG
2019-12-05,Los Angeles Kings,Washington Capitals,Washington Capitals,Los Angeles Kings,3,1,REG
2019-12-06,Boston Bruins,Chicago Blackhawks,Chicago Blackhawks,Boston Bruins,4,3,OT
2019-12-06,Montreal Canadiens,Colorado Avalanche,Colorado Avalanche,Montreal Canadiens,3,2,REG
2019-12-06,Tampa Bay Lightning,Minnesota Wild,Minnesota Wild,Tampa Bay Lightning,5,4,REG
2019-12-06,New York Islanders,Vegas Golden Knights,New York Islanders,Vegas Golden Knights,3,2,OT
2019-12-06,Philadelphia Flyers,Arizona Coyotes,Arizona Coyotes,Philadelphia Flyers,3,1,REG
2019-12-06,Carolina Hurricanes,San Jose Sharks,Carolina Hurricanes,San Jose Sharks,3,2,SO
2019-12-06,Columbus Blue Jackets,New York Rangers,New York Rangers,Columbus Blue Jackets,3,2,REG
2019-12-06,Dallas Stars,Winnipeg Jets,Dallas Stars,Winnipeg Jets,3,2,OT
2019-12-06,Calgary Flames,Buffalo Sabres,Calgary Flames,Buffalo Sabres,4,3,REG
2019-12-07,New Jersey Devils,Chicago Blackhawks,Chicago Blackhawks,New Jersey Devils,2,1,SO
2019-12-07,New York Rangers,Montreal Canadiens,Montreal Canadiens,New York Rangers,2,1,REG
2019-12-07,Pittsburgh Penguins,Arizona Coyotes,Pittsburgh Penguins,Arizona Coyotes,2,0,REG
2019-12-07,Edmonton Oilers,Los Angeles Kings,Edmonton Oilers,Los Angeles Kings,2,1,REG
2019-12-07,Anaheim Ducks,Washington Capitals,Washington Capitals,Anaheim Ducks,3,2,REG
2019-12-07,Philadelphia Flyers,Ottawa Senators,Philadelphia Flyers,Ottawa Senators,4,3,REG
2019-12-07,Vancouver Canucks,Buffalo Sabres,Vancouver Canucks,Buffalo Sabres,6,5,OT
2019-12-08,Boston Bruins,Colorado Avalanche,Colorado Avalanche,Boston Bruins,4,1,REG
2019-12-08,Detroit Red Wings,Pittsburgh Penguins,Pittsburgh Penguins,Detroit Red Wings,5,3,REG
2019-12-08,Tampa Bay Lightning,San Jose Sharks,Tampa Bay Lightning,San Jose Sharks,5,1,REG
2019-12-08,Florida Panthers,Columbus Blue Jackets,Florida Panthers,Columbus Blue Jackets,4,1,REG
2019-12-08,Carolina Hurricanes,Minnesota Wild,Carolina Hurricanes,Minnesota Wild,6,2,REG
2019-12-08,St. Louis Blues,Toronto Maple Leafs,Toronto Maple Leafs,St. Louis Blues,5,2,REG
2019-12-08,Nashville Predators,New Jersey Devils,Nashville Predators,New Jersey Devils,6,4,REG
2019-12-08,Dallas Stars,New York Islanders,Dallas Stars,New York Islanders,3,1,REG
2019-12-08,Calgary Flames,Los Angeles Kings,Calgary Flames,Los Angeles Kings,4,3,REG
2019-12-08,Winnipeg Jets,Anaheim Ducks,Winnipeg Jets,Anaheim Ducks,3,2,REG
2019-12-08,Florida Panthers,San Jose Sharks,Florida Panthers,San Jose Sharks,5,1,REG
2019-12-09,Chicago Blackhawks,Arizona Coyotes,Arizona Coyotes,Chicago Blackhawks,4,3,SO
2019-12-09,Vegas Golden Knights,New York Rangers,New York Rangers,Vegas Golden Knights,4,0,REG
2019-12-09,Edmonton Oilers,Buffalo Sabres,Buffalo Sabres,Edmonton Oilers,3,2,OT
2019-12-10,Tampa Bay Lightning,New York Islanders,New York Islanders,Tampa Bay Lightning,5,1,REG
2019-12-10,Washington Capitals,Columbus Blue Jackets,Columbus Blue Jackets,Washington Capitals,5,2,REG
2019-12-10,Ottawa Senators,Boston Bruins,Ottawa Senators,Boston Bruins,5,2,REG
2019-12-10,Colorado Avalanche,Calgary Flames,Calgary Flames,Colorado Avalanche,5,4,OT
2019-12-11,Florida Panthers,Tampa Bay Lightning,Tampa Bay Lightning,Florida Panthers,2,1,REG
2019-12-11,Pittsburgh Penguins,Montreal Canadiens,Montreal Canadiens,Pittsburgh Penguins,4,1,REG
2019-12-11,Buffalo Sabres,St. Louis Blues,Buffalo Sabres,St. Louis Blues,5,2,REG
2019-12-11,Nashville Predators,San Jose Sharks,Nashville Predators,San Jose Sharks,3,1,REG
2019-12-11,Minnesota Wild,Anaheim Ducks,Anaheim Ducks,Minnesota Wild,3,2,SO
2019-12-11,Winnipeg Jets,Detroit Red Wings,Winnipeg Jets,Detroit Red Wings,5,1,REG
2019-12-11,Dallas Stars,New Jersey Devils,Dallas Stars,New Jersey Devils,2,0,REG
2019-12-11,Edmonton Oilers,Carolina Hurricanes,Carolina Hurricanes,Edmonton Oilers,6,3,REG
2019-12-11,Arizona Coyotes,Calgary Flames,Calgary Flames,Arizona Coyotes,5,2,REG
2019-12-11,Vancouver Canucks,Toronto Maple Leafs,Toronto Maple Leafs,Vancouver Canucks,4,1,REG
2019-12-11,Vegas Golden Knights,Chicago Blackhawks,Vegas Golden Knights,Chicago Blackhawks,5,1,REG
2019-12-11,Los Angeles Kings,New York Rangers,Los Angeles Kings,New York Rangers,3,1,REG
2019-12-12,Washington Capitals,Boston Bruins,Washington Capitals,Boston Bruins,3,2,REG
2019-12-12,Montreal Canadiens,Ottawa Senators,Montreal Canadiens,Ottawa Senators,3,2,OT
2019-12-12,Colorado Avalanche,Philadelphia Flyers,Colorado Avalanche,Philadelphia Flyers,3,1,REG
2019-12-13,Buffalo Sabres,Nashville Predators,Buffalo Sabres,Nashville Predators,4,3,REG
2019-12-13,Tampa Bay Lightning,Boston Bruins,Tampa Bay Lightning,Boston Bruins,3,2,REG
2019-12-13,Florida Panthers,New York Islanders,New York Islanders,Florida Panthers,3,1,REG
2019-12-13,Detroit Red Wings,Winnipeg Jets,Detroit Red Wings,Winnipeg Jets,5,2,REG
2019-12-13,St. Louis Blues,Vegas Golden Knights,St. Louis Blues,Vegas Golden Knights,4,2,REG
2019-12-13,Minnesota Wild,Edmonton Oilers,Minnesota Wild,Edmonton Oilers,6,5,REG
2019-12-13,Calgary Flames,Toronto Maple Leafs,Calgary Flames,Toronto Maple Leafs,4,2,REG
2019-12-13,Arizona Coyotes,Chicago Blackhawks,Arizona Coyotes,Chicago Blackhawks,5,2,REG
2019-12-13,Anaheim Ducks,Los Angeles Kings,Los Angeles Kings,Anaheim Ducks,2,1,REG
2019-12-13,San Jose Sharks,New York Rangers,New York Rangers,San Jose Sharks,6,3,REG
2019-12-14,Dallas Stars,Vegas Golden Knights,Vegas Golden Knights,Dallas Stars,3,2,OT
2019-12-14,Colorado Avalanche,New Jersey Devils,Colorado Avalanche,New Jersey Devils,3,1,REG
2019-12-14,Ottawa Senators,Columbus Blue Jackets,Ottawa Senators,Columbus Blue Jackets,4,3,OT
2019-12-14,New York Islanders,Buffalo Sabres,New York Islanders,Buffalo Sabres,3,2,OT
2019-12-14,Calgary Flames,Carolina Hurricanes,Carolina Hurricanes,Calgary Flames,4,0,REG
2019-12-14,Anaheim Ducks,New York Rangers,Anaheim Ducks,New York Rangers,4,3,SO
2019-12-14,Nashville Predators,Dallas Stars,Dallas Stars,Nashville Predators,4,1,REG
2019-12-15,Montreal Canadiens,Detroit Red Wings,Detroit Red Wings,Montreal Canadiens,2,1,REG
2019-12-15,Tampa Bay Lightning,Washington Capitals,Washington Capitals,Tampa Bay Lightning,5,2,REG
2019-12-15,Florida Panthers,Boston Bruins,Boston Bruins,Florida Panthers,4,2,REG
2019-12-15,Pittsburgh Penguins,Los Angeles Kings,Pittsburgh Penguins,Los Angeles Kings,5,4,SO
2019-12-15,Minnesota Wild,Philadelphia Flyers,Minnesota Wild,Philadelphia Flyers,4,1,REG
2019-12-15,Edmonton Oilers,Toronto Maple Leafs,Toronto Maple Leafs,Edmonton Oilers,4,1,REG
2019-12-15,St. Louis Blues,Chicago Blackhawks,St. Louis Blues,Chicago Blackhawks,4,3,REG
2019-12-15,Arizona Coyotes,New Jersey Devils,New Jersey Devils,Arizona Coyotes,2,1,REG
2019-12-15,San Jose Sharks,Vancouver Canucks,San Jose Sharks,Vancouver Canucks,4,2,REG
2019-12-15,Winnipeg Jets,Philadelphia Flyers,Winnipeg Jets,Philadelphia Flyers,7,3,REG
2019-12-16,Detroit Red Wings,Los Angeles Kings,Los Angeles Kings,Detroit Red Wings,4,2,REG
2019-12-16,Chicago Blackhawks,Minnesota Wild,Chicago Blackhawks,Minnesota Wild,5,3,REG
2019-12-16,Vegas Golden Knights,Vancouver Canucks,Vegas Golden Knights,Vancouver Canucks,6,3,REG
2019-12-17,Florida Panthers,Ottawa Senators,Florida Panthers,Ottawa Senators,5,1,REG
2019-12-17,New York Rangers,Nashville Predators,Nashville Predators,New York Rangers,5,2,REG
2019-12-17,Columbus Blue Jackets,Washington Capitals,Columbus Blue Jackets,Washington Capitals,3,0,REG
2019-12-17,St. Louis Blues,Colorado Avalanche,St. Louis Blues,Colorado Avalanche,5,2,REG
2019-12-17,Dallas Stars,Edmonton Oilers,Edmonton Oilers,Dallas Stars,2,1,REG
2019-12-18,Boston Bruins,Los Angeles Kings,Los Angeles Kings,Boston Bruins,4,3,OT
2019-12-18,Toronto Maple Leafs,Buffalo Sabres,Toronto Maple Leafs,Buffalo Sabres,5,3,REG
2019-12-18,Tampa Bay Lightning,Ottawa Senators,Tampa Bay Lightning,Ottawa Senators,4,3,OT
2019-12-18,New York Islanders,Nashville Predators,Nashville Predators,New York Islanders,7,3,REG
2019-12-18,Philadelphia Flyers,Anaheim Ducks,Philadelphia Flyers,Anaheim Ducks,4,1,REG
2019-12-18,Detroit Red Wings,Columbus Blue Jackets,Columbus Blue Jackets,Detroit Red Wings,5,3,REG
2019-12-18,Winnipeg Jets,Carolina Hurricanes,Carolina Hurricanes,Winnipeg Jets,6,3,REG
2019-12-18,Calgary Flames,Pittsburgh Penguins,Pittsburgh Penguins,Calgary Flames,4,1,REG
2019-12-18,Vancouver Canucks,Montreal Canadiens,Montreal Canadiens,Vancouver Canucks,3,1,REG
2019-12-18,Vegas Golden Knights,Minnesota Wild,Vegas Golden Knights,Minnesota Wild,3,2,REG
2019-12-18,San Jose Sharks,Arizona Coyotes,Arizona Coyotes,San Jose Sharks,3,2,REG
2019-12-19,New Jersey Devils,Anaheim Ducks,New Jersey Devils,Anaheim Ducks,3,1,REG
2019-12-19,Chicago Blackhawks,Colorado Avalanche,Colorado Avalanche,Chicago Blackhawks,4,1,REG
2019-12-19,St. Louis Blues,Edmonton Oilers,St. Louis Blues,Edmonton Oilers,2,1,REG
2019-12-20,Boston Bruins,New York Islanders,New York Islanders,Boston Bruins,3,2,SO
2019-12-20,Tampa Bay Lightning,Dallas Stars,Dallas Stars,Tampa Bay Lightning,4,3,OT
2019-12-20,Philadelphia Flyers,Buffalo Sabres,Philadelphia Flyers,Buffalo Sabres,5,1,REG
2019-12-20,Columbus Blue Jackets,Los Angeles Kings,Columbus Blue Jackets,Los Angeles Kings,3,2,OT
2019-12-20,Ottawa Senators,Nashville Predators,Ottawa Senators,Nashville Predators,5,4,OT
2019-12-20,Winnipeg Jets,Chicago Blackhawks,Chicago Blackhawks,Winnipeg Jets,4,1,REG
2019-12-20,Colorado Avalanche,Carolina Hurricanes,Carolina Hurricanes,Colorado Avalanche,3,1,REG
2019-12-20,Calgary Flames,Montreal Canadiens,Montreal Canadiens,Calgary Flames,4,3,OT
2019-12-20,Arizona Coyotes,Minnesota Wild,Minnesota Wild,Arizona Coyotes,8,5,REG
2019-12-20,Vancouver Canucks,Vegas Golden Knights,Vancouver Canucks,Vegas Golden Knights,5,4,OT
2019-12-21,Florida Panthers,Dallas Stars,Florida Panthers,Dallas Stars,7,4,REG
2019-12-21,New Jersey Devils,Washington Capitals,Washington Capitals,New Jersey Devils,6,3,REG
2019-12-21,New York Rangers,Toronto Maple Leafs,Toronto Maple Leafs,New York Rangers,6,3,REG
2019-12-21,Edmonton Oilers,Pittsburgh Penguins,Pittsburgh Penguins,Edmonton Oilers,5,2,REG
2019-12-21,Buffalo Sabres,Los Angeles Kings,Buffalo Sabres,Los Angeles Kings,3,2,REG
2019-12-21,New York Islanders,Anaheim Ducks,Anaheim Ducks,New York Islanders,6,5,SO
2019-12-21,Minnesota Wild,Winnipeg Jets,Winnipeg Jets,Minnesota Wild,4,0,REG
2019-12-22,Boston Bruins,Nashville Predators,Nashville Predators,Boston Bruins,4,3,OT
2019-12-22,Toronto Maple Leafs,Detroit Red Wings,Toronto Maple Leafs,Detroit Red Wings,4,1,REG
2019-12-22,Ottawa Senators,Philadelphia Flyers,Philadelphia Flyers,Ottawa Senators,5,4,SO
2019-12-22,Washington Capitals,Tampa Bay Lightning,Washington Capitals,Tampa Bay Lightning,3,1,REG
2019-12-22,Carolina Hurricanes,Florida Panthers,Florida Panthers,Carolina Hurricanes,4,2,REG
2019-12-22,Columbus Blue Jackets,New Jersey Devils,Columbus Blue Jackets,New Jersey Devils,5,1,REG
2019-12-22,Edmonton Oilers,Montreal Canadiens,Edmonton Oilers,Montreal Canadiens,4,3,REG
2019-12-22,Colorado Avalanche,Chicago Blackhawks,Chicago Blackhawks,Colorado Avalanche,5,3,REG
2019-12-22,Vancouver Canucks,Pittsburgh Penguins,Vancouver Canucks,Pittsburgh Penguins,4,1,REG
2019-12-22,San Jose Sharks,St. Louis Blues,St. Louis Blues,San Jose Sharks,5,2,REG
2019-12-22,New York Rangers,Anaheim Ducks,New York Rangers,Anaheim Ducks,5,1,REG
2019-12-23,Detroit Red Wings,Arizona Coyotes,Arizona Coyotes,Detroit Red Wings,5,2,REG
2019-12-23,Dallas Stars,Calgary Flames,Calgary Flames,Dallas Stars,5,1,REG
2019-12-23,San Jose Sharks,Vegas Golden Knights,Vegas Golden Knights,San Jose Sharks,3,1,REG
2019-12-23,Toronto Maple Leafs,Carolina Hurricanes,Toronto Maple Leafs,Carolina Hurricanes,8,6,REG
2019-12-23,Minnesota Wild,Calgary Flames,Minnesota Wild,Calgary Flames,3,0,REG
2019-12-24,Boston Bruins,Washington Capitals,Boston Bruins,Washington Capitals,7,3,REG
2019-12-24,Tampa Bay Lightning,Florida Panthers,Tampa Bay Lightning,Florida Panthers,5,1,REG
2019-12-24,New York Islanders,Columbus Blue Jackets,Columbus Blue Jackets,New York Islanders,3,2,REG
2019-12-24,Philadelphia Flyers,New York Rangers,Philadelphia Flyers,New York Rangers,5,1,REG
2019-12-24,Ottawa Senators,Buffalo Sabres,Ottawa Senators,Buffalo Sabres,3,1,REG
2019-12-24,Nashville Predators,Arizona Coyotes,Nashville Predators,Arizona Coyotes,3,2,REG
2019-12-24,Winnipeg Jets,Montreal Canadiens,Montreal Canadiens,Winnipeg Jets,6,2,REG
2019-12-24,Chicago Blackhawks,New Jersey Devils,New Jersey Devils,Chicago Blackhawks,5,1,REG
2019-12-24,Vancouver Canucks,Edmonton Oilers,Vancouver Canucks,Edmonton Oilers,4,2,REG
2019-12-24,Vegas Golden Knights,Colorado Avalanche,Colorado Avalanche,Vegas Golden Knights,7,3,REG
2019-12-24,Los Angeles Kings,St. Louis Blues,St. Louis Blues,Los Angeles Kings,4,1,REG
2019-12-28,Buffalo Sabres,Boston Bruins,Boston Bruins,Buffalo Sabres,3,0,REG
2019-12-28,New Jersey Devils,Toronto Maple Leafs,Toronto Maple Leafs,New Jersey Devils,5,4,OT
2019-12-28,New York Rangers,Carolina Hurricanes,New York Rangers,Carolina Hurricanes,5,3,REG
2019-12-28,Washington Capitals,Columbus Blue Jackets,Washington Capitals,Columbus Blue Jackets,2,1,OT
2019-12-28,Nashville Predators,Pittsburgh Penguins,Pittsburgh Penguins,Nashville Predators,5,2,REG
2019-12-28,Winnipeg Jets,St. Louis Blues,St. Louis Blues,Winnipeg Jets,5,4,OT
2019-12-28,Colorado Avalanche,Minnesota Wild,Minnesota Wild,Colorado Avalanche,6,4,REG
2019-12-28,Chicago Blackhawks,New York Islanders,Chicago Blackhawks,New York Islanders,5,2,REG
2019-12-28,Edmonton Oilers,Calgary Flames,Calgary Flames,Edmonton Oilers,5,1,REG
2019-12-28,Anaheim Ducks,Vegas Golden Knights,Anaheim Ducks,Vegas Golden Knights,4,3,REG
2019-12-28,San Jose Sharks,Los Angeles Kings,Los Angeles Kings,San Jose Sharks,3,2,OT
2019-12-29,Toronto Maple Leafs,New York Rangers,New York Rangers,Toronto Maple Leafs,5,4,OT
2019-12-29,Tampa Bay Lightning,Montreal Canadiens,Tampa Bay Lightning,Montreal Canadiens,5,4,REG
2019-12-29,Florida Panthers,Detroit Red Wings,Florida Panthers,Detroit Red Wings,5,4,REG
2019-12-29,Pittsburgh Penguins,Nashville Predators,Pittsburgh Penguins,Nashville Predators,6,4,REG
2019-12-29,Carolina Hurricanes,Washington Capitals,Carolina Hurricanes,Washington Capitals,6,4,REG
2019-12-29,Dallas Stars,Colorado Avalanche,Dallas Stars,Colorado Avalanche,3,2,SO
2019-12-29,Vancouver Canucks,Los Angeles Kings,Vancouver Canucks,Los Angeles Kings,3,2,REG
2019-12-29,Vegas Golden Knights,Arizona Coyotes,Vegas Golden Knights,Arizona Coyotes,4,1,REG
2019-12-29,San Jose Sharks,Philadelphia Flyers,San Jose Sharks,Philadelphia Flyers,5,1,REG
2019-12-29,St. Louis Blues,Winnipeg Jets,St. Louis Blues,Winnipeg Jets,4,1,REG
2019-12-29,Ottawa Senators,New Jersey Devils,New Jersey Devils,Ottawa Senators,4,3,OT
2019-12-29,Columbus Blue Jackets,Chicago Blackhawks,Chicago Blackhawks,Columbus Blue Jackets,3,2,SO
2019-12-29,Minnesota Wild,New York Islanders,New York Islanders,Minnesota Wild,3,1,REG
2019-12-30,Boston Bruins,Buffalo Sabres,Boston Bruins,Buffalo Sabres,3,2,REG
2019-12-30,Tampa Bay Lightning,Detroit Red Wings,Tampa Bay Lightning,Detroit Red Wings,2,1,REG
2019-12-30,Florida Panthers,Montreal Canadiens,Florida Panthers,Montreal Canadiens,6,5,REG
2019-12-30,Arizona Coyotes,Dallas Stars,Dallas Stars,Arizona Coyotes,4,2,REG
2019-12-30,Anaheim Ducks,Philadelphia Flyers,Philadelphia Flyers,Anaheim Ducks,2,1,OT
2019-12-30,Calgary Flames,Vancouver Canucks,Vancouver Canucks,Calgary Flames,5,2,REG
2019-12-31,Pittsburgh Penguins,Ottawa Senators,Pittsburgh Penguins,Ottawa Senators,5,2,REG
2019-12-31,New Jersey Devils,Boston Bruins,New Jersey Devils,Boston Bruins,3,2,SO
2019-12-31,Washington Capitals,New York Islanders,New York Islanders,Washington Capitals,4,3,REG
2019-12-31,Vegas Golden Knights,Anaheim Ducks,Vegas Golden Knights,Anaheim Ducks,5,2,REG
2019-12-31,Minnesota Wild,Toronto Maple Leafs,Toronto Maple Leafs,Minnesota Wild,4,1,REG
2020-01-01,Buffalo Sabres,Tampa Bay Lightning,Tampa Bay Lightning,Buffalo Sabres,6,4,REG
2020-01-01,Carolina Hurricanes,Montreal Canadiens,Carolina Hurricanes,Montreal Canadiens,3,1,REG
2020-01-01,Columbus Blue Jackets,Florida Panthers,Columbus Blue Jackets,Florida Panthers,4,1,REG
2020-01-01,Detroit Red Wings,San Jose Sharks,Detroit Red Wings,San Jose Sharks,2,0,REG
2020-01-01,Colorado Avalanche,Winnipeg Jets,Winnipeg Jets,Colorado Avalanche,7,4,REG
2020-01-01,Calgary Flames,Chicago Blackhawks,Chicago Blackhawks,Calgary Flames,5,3,REG
2020-01-01,Edmonton Oilers,New York Rangers,Edmonton Oilers,New York Rangers,7,5,REG
2020-01-01,Arizona Coyotes,St. Louis Blues,Arizona Coyotes,St. Louis Blues,3,1,REG
2020-01-01,Los Angeles Kings,Philadelphia Flyers,Los Angeles Kings,Philadelphia Flyers,5,3,REG
2020-01-01,Dallas Stars,Nashville Predators,Dallas Stars,Nashville Predators,4,2,REG
2020-01-03,Boston Bruins,Columbus Blue Jackets,Columbus Blue Jackets,Boston Bruins,2,1,OT
2020-01-03,Buffalo Sabres,Edmonton Oilers,Buffalo Sabres,Edmonton Oilers,3,2,OT
2020-01-03,Montreal Canadiens,Tampa Bay Lightning,Tampa Bay Lightning,Montreal Canadiens,2,1,REG
2020-01-03,New York Islanders,New Jersey Devils,New Jersey Devils,New York Islanders,2,1,REG
2020-01-03,Pittsburgh Penguins,San Jose Sharks,San Jose Sharks,Pittsburgh Penguins,3,2,OT
2020-01-03,Ottawa Senators,Florida Panthers,Florida Panthers,Ottawa Senators,6,3,REG
2020-01-03,Winnipeg Jets,Toronto Maple Leafs,Toronto Maple Leafs,Winnipeg Jets,6,3,REG
2020-01-03,Calgary Flames,New York Rangers,Calgary Flames,New York Rangers,4,3,REG
2020-01-03,Arizona Coyotes,Anaheim Ducks,Arizona Coyotes,Anaheim Ducks,4,2,REG
2020-01-03,Colorado Avalanche,St. Louis Blues,Colorado Avalanche,St. Louis Blues,7,3,REG
2020-01-03,Vancouver Canucks,Chicago Blackhawks,Vancouver Canucks,Chicago Blackhawks,7,5,REG
2020-01-03,Vegas Golden Knights,Philadelphia Flyers,Vegas Golden Knights,Philadelphia Flyers,5,4,REG
2020-01-04,Carolina Hurricanes,Washington Capitals,Washington Capitals,Carolina Hurricanes,4,3,REG
2020-01-04,Dallas Stars,Detroit Red Wings,Dallas Stars,Detroit Red Wings,4,1,REG
2020-01-04,Boston Bruins,Edmonton Oilers,Edmonton Oilers,Boston Bruins,4,1,REG
2020-01-04,Columbus Blue Jackets,San Jose Sharks,San Jose Sharks,Columbus Blue Jackets,3,2,REG
2020-01-04,Buffalo Sabres,Florida Panthers,Buffalo Sabres,Florida Panthers,3,2,REG
2020-01-04,Minnesota Wild,Winnipeg Jets,Minnesota Wild,Winnipeg Jets,3,2,OT
2020-01-04,Vegas Golden Knights,St. Louis Blues,Vegas Golden Knights,St. Louis Blues,5,4,OT
2020-01-05,Toronto Maple Leafs,New York Islanders,Toronto Maple Leafs,New York Islanders,3,0,REG
2020-01-05,Montreal Canadiens,Pittsburgh Penguins,Pittsburgh Penguins,Montreal Canadiens,3,2,OT
2020-01-05,Ottawa Senators,Tampa Bay Lightning,Tampa Bay Lightning,Ottawa Senators,5,3,REG
2020-01-05,New Jersey Devils,Colorado Avalanche,Colorado Avalanche,New Jersey Devils,5,2,REG
2020-01-05,Arizona Coyotes,Philadelphia Flyers,Arizona Coyotes,Philadelphia Flyers,6,2,REG
2020-01-05,Vancouver Canucks,New York Rangers,Vancouver Canucks,New York Rangers,2,1,REG
2020-01-05,Los Angeles Kings,Nashville Predators,Nashville Predators,Los Angeles Kings,4,1,REG
2020-01-05,Washington Capitals,San Jose Sharks,Washington Capitals,San Jose Sharks,5,4,OT
2020-01-05,Pittsburgh Penguins,Florida Panthers,Florida Panthers,Pittsburgh Penguins,4,1,REG
2020-01-05,Carolina Hurricanes,Tampa Bay Lightning,Tampa Bay Lightning,Carolina Hurricanes,3,1,REG
2020-01-06,Minnesota Wild,Calgary Flames,Calgary Flames,Minnesota Wild,5,4,SO
2020-01-06,Chicago Blackhawks,Detroit Red Wings,Chicago Blackhawks,Detroit Red Wings,4,2,REG
2020-01-06,Anaheim Ducks,Nashville Predators,Anaheim Ducks,Nashville Predators,5,4,SO
2020-01-07,Toronto Maple Leafs,Edmonton Oilers,Edmonton Oilers,Toronto Maple Leafs,6,4,REG
2020-01-07,Montreal Canadiens,Winnipeg Jets,Winnipeg Jets,Montreal Canadiens,3,2,REG
2020-01-07,Los Angeles Kings,Columbus Blue Jackets,Columbus Blue Jackets,Los Angeles Kings,4,2,REG
2020-01-08,Tampa Bay Lightning,Vancouver Canucks,Tampa Bay Lightning,Vancouver Canucks,6,2,REG
2020-01-08,Florida Panthers,Arizona Coyotes,Arizona Coyotes,Florida Panthers,5,2,REG
2020-01-08,New Jersey Devils,New York Islanders,New York Islanders,New Jersey Devils,4,3,OT
2020-01-08,Washington Capitals,Ottawa Senators,Washington Capitals,Ottawa Senators,5,1,REG
2020-01-08,Carolina Hurricanes,Philadelphia Flyers,Carolina Hurricanes,Philadelphia Flyers,5,4,OT
2020-01-08,New York Rangers,Colorado Avalanche,New York Rangers,Colorado Avalanche,5,3,REG
2020-01-08,Detroit Red Wings,Montreal Canadiens,Detroit Red Wings,Montreal Canadiens,4,3,REG
2020-01-08,St. Louis Blues,San Jose Sharks,St. Louis Blues,San Jose Sharks,3,2,REG
2020-01-08,Nashville Predators,Boston Bruins,Boston Bruins,Nashville Predators,6,2,REG
2020-01-08,Chicago Blackhawks,Calgary Flames,Calgary Flames,Chicago Blackhawks,2,1,REG
2020-01-08,Vegas Golden Knights,Pittsburgh Penguins,Pittsburgh Penguins,Vegas Golden Knights,4,3,REG
2020-01-08,Anaheim Ducks,Columbus Blue Jackets,Columbus Blue Jackets,Anaheim Ducks,4,3,REG
2020-01-09,Toronto Maple Leafs,Winnipeg Jets,Winnipeg Jets,Toronto Maple Leafs,4,3,SO
2020-01-09,Philadelphia Flyers,Washington Capitals,Philadelphia Flyers,Washington Capitals,3,2,REG
2020-01-09,Los Angeles Kings,Dallas Stars,Dallas Stars,Los Angeles Kings,2,1,REG
2020-01-10,Boston Bruins,Winnipeg Jets,Boston Bruins,Winnipeg Jets,5,4,REG
2020-01-10,Montreal Canadiens,Edmonton Oilers,Edmonton Oilers,Montreal Canadiens,4,2,REG
2020-01-10,Tampa Bay Lightning,Arizona Coyotes,Tampa Bay Lightning,Arizona Coyotes,4,0,REG
2020-01-10,Florida Panthers,Vancouver Canucks,Florida Panthers,Vancouver Canucks,5,2,REG
2020-01-10,New York Rangers,New Jersey Devils,New York Rangers,New Jersey Devils,6,3,REG
2020-01-10,St. Louis Blues,Buffalo Sabres,St. Louis Blues,Buffalo Sabres,5,1,REG
2020-01-10,Chicago Blackhawks,Nashville Predators,Nashville Predators,Chicago Blackhawks,5,2,REG
2020-01-10,Calgary Flames,Minnesota Wild,Calgary Flames,Minnesota Wild,2,1,REG
2020-01-10,Vegas Golden Knights,Los Angeles Kings,Los Angeles Kings,Vegas Golden Knights,5,2,REG
2020-01-10,Anaheim Ducks,Dallas Stars,Dallas Stars,Anaheim Ducks,3,0,REG
2020-01-10,San Jose Sharks,Columbus Blue Jackets,San Jose Sharks,Columbus Blue Jackets,3,1,REG
2020-01-11,Detroit Red Wings,Ottawa Senators,Detroit Red Wings,Ottawa Senators,3,2,SO
2020-01-11,Carolina Hurricanes,Arizona Coyotes,Carolina Hurricanes,Arizona Coyotes,3,0,REG
2020-01-11,Colorado Avalanche,Pittsburgh Penguins,Pittsburgh Penguins,Colorado Avalanche,4,3,OT
2020-01-11,Buffalo Sabres,Vancouver Canucks,Vancouver Canucks,Buffalo Sabres,6,3,REG
2020-01-12,Ottawa Senators,Montreal Canadiens,Montreal Canadiens,Ottawa Senators,2,1,OT
2020-01-12,New York Islanders,Boston Bruins,Boston Bruins,New York Islanders,3,2,OT
2020-01-12,Washington Capitals,New Jersey Devils,New Jersey Devils,Washington Capitals,5,1,REG
2020-01-12,Carolina Hurricanes,Los Angeles Kings,Carolina Hurricanes,Los Angeles Kings,2,0,REG
2020-01-12,St. Louis Blues,New York Rangers,St. Louis Blues,New York Rangers,5,2,REG
2020-01-12,Chicago Blackhawks,Anaheim Ducks,Chicago Blackhawks,Anaheim Ducks,4,2,REG
2020-01-12,Calgary Flames,Edmonton Oilers,Calgary Flames,Edmonton Oilers,4,3,REG
2020-01-12,Vegas Golden Knights,Columbus Blue Jackets,Columbus Blue Jackets,Vegas Golden Knights,3,0,REG
2020-01-12,San Jose Sharks,Dallas Stars,San Jose Sharks,Dallas Stars,2,1,REG
2020-01-12,Minnesota Wild,Vancouver Canucks,Vancouver Canucks,Minnesota Wild,4,1,REG
2020-01-12,Detroit Red Wings,Buffalo Sabres,Buffalo Sabres,Detroit Red Wings,5,1,REG
2020-01-12,Arizona Coyotes,Pittsburgh Penguins,Pittsburgh Penguins,Arizona Coyotes,4,3,SO
2020-01-13,Florida Panthers,Toronto Maple Leafs,Florida Panthers,Toronto Maple Leafs,8,4,REG
2020-01-13,New Jersey Devils,Tampa Bay Lightning,New Jersey Devils,Tampa Bay Lightning,3,1,REG
2020-01-14,Montreal Canadiens,Calgary Flames,Montreal Canadiens,Calgary Flames,2,0,REG
2020-01-14,New York Rangers,New York Islanders,New York Rangers,New York Islanders,6,2,REG
2020-01-14,Philadelphia Flyers,Boston Bruins,Philadelphia Flyers,Boston Bruins,6,5,SO
2020-01-14,Washington Capitals,Carolina Hurricanes,Washington Capitals,Carolina Hurricanes,2,0,REG
2020-01-14,St. Louis Blues,Anaheim Ducks,St. Louis Blues,Anaheim Ducks,4,1,REG
2020-01-15,Buffalo Sabres,Vegas Golden Knights,Buffalo Sabres,Vegas Golden Knights,4,2,REG
2020-01-15,Toronto Maple Leafs,New Jersey Devils,Toronto Maple Leafs,New Jersey Devils,7,4,REG
2020-01-15,Tampa Bay Lightning,Los Angeles Kings,Tampa Bay Lightning,Los Angeles Kings,4,3,SO
2020-01-15,New York Islanders,Detroit Red Wings,New York Islanders,Detroit Red Wings,6,2,REG
2020-01-15,Pittsburgh Penguins,Minnesota Wild,Pittsburgh Penguins,Minnesota Wild,7,3,REG
2020-01-15,Columbus Blue Jackets,Boston Bruins,Columbus Blue Jackets,Boston Bruins,3,0,REG
2020-01-15,Ottawa Senators,Chicago Blackhawks,Chicago Blackhawks,Ottawa Senators,3,2,OT
2020-01-15,Winnipeg Jets,Vancouver Canucks,Winnipeg Jets,Vancouver Canucks,4,0,REG
2020-01-15,Colorado Avalanche,Dallas Stars,Dallas Stars,Colorado Avalanche,3,2,OT
2020-01-15,Edmonton Oilers,Nashville Predators,Edmonton Oilers,Nashville Predators,4,2,REG
2020-01-15,Arizona Coyotes,San Jose Sharks,Arizona Coyotes,San Jose Sharks,6,3,REG
2020-01-16,Montreal Canadiens,Chicago Blackhawks,Chicago Blackhawks,Montreal Canadiens,4,1,REG
2020-01-16,St. Louis Blues,Philadelphia Flyers,Philadelphia Flyers,St. Louis Blues,4,3,OT
2020-01-17,Boston Bruins,Pittsburgh Penguins,Boston Bruins,Pittsburgh Penguins,4,1,REG
2020-01-17,Toronto Maple Leafs,Calgary Flames,Calgary Flames,Toronto Maple Leafs,2,1,SO
2020-01-17,Florida Panthers,Los Angeles Kings,Florida Panthers,Los Angeles Kings,4,3,REG
2020-01-17,New York Islanders,New York Rangers,New York Rangers,New York Islanders,3,2,REG
2020-01-17,Philadelphia Flyers,Montreal Canadiens,Montreal Canadiens,Philadelphia Flyers,4,1,REG
2020-01-17,Washington Capitals,New Jersey Devils,Washington Capitals,New Jersey Devils,5,2,REG
2020-01-17,Columbus Blue Jackets,Carolina Hurricanes,Columbus Blue Jackets,Carolina Hurricanes,3,2,REG
2020-01-17,Ottawa Senators,Vegas Golden Knights,Vegas Golden Knights,Ottawa Senators,4,2,REG
2020-01-17,Nashville Predators,Anaheim Ducks,Anaheim Ducks,Nashville Predators,4,2,REG
2020-01-17,Minnesota Wild,Tampa Bay Lightning,Minnesota Wild,Tampa Bay Lightning,3,2,REG
2020-01-17,Dallas Stars,Buffalo Sabres,Buffalo Sabres,Dallas Stars,4,1,REG
2020-01-17,Colorado Avalanche,San Jose Sharks,Colorado Avalanche,San Jose Sharks,4,0,REG
2020-01-17,Vancouver Canucks,Arizona Coyotes,Vancouver Canucks,Arizona Coyotes,3,1,REG
2020-01-18,Detroit Red Wings,Pittsburgh Penguins,Pittsburgh Penguins,Detroit Red Wings,2,1,OT
2020-01-18,Carolina Hurricanes,Anaheim Ducks,Anaheim Ducks,Carolina Hurricanes,2,1,OT
2020-01-18,Winnipeg Jets,Tampa Bay Lightning,Tampa Bay Lightning,Winnipeg Jets,5,1,REG
2020-01-18,New York Islanders,Washington Capitals,Washington Capitals,New York Islanders,6,4,REG
2020-01-18,Colorado Avalanche,St. Louis Blues,Colorado Avalanche,St. Louis Blues,5,3,REG
2020-01-18,Edmonton Oilers,Arizona Coyotes,Edmonton Oilers,Arizona Coyotes,7,3,REG
2020-01-18,Ottawa Senators,Calgary Flames,Ottawa Senators,Calgary Flames,5,2,REG
2020-01-19,Toronto Maple Leafs,Chicago Blackhawks,Chicago Blackhawks,Toronto Maple Leafs,6,2,REG
2020-01-19,Montreal Canadiens,Vegas Golden Knights,Montreal Canadiens,Vegas Golden Knights,5,4,SO
2020-01-19,Detroit Red Wings,Florida Panthers,Florida Panthers,Detroit Red Wings,4,1,REG
2020-01-19,Philadelphia Flyers,Los Angeles Kings,Philadelphia Flyers,Los Angeles Kings,4,1,REG
2020-01-19,Columbus Blue Jackets,New Jersey Devils,Columbus Blue Jackets,New Jersey Devils,4,0,REG
2020-01-19,Nashville Predators,Buffalo Sabres,Nashville Predators,Buffalo Sabres,2,1,REG
2020-01-19,Minnesota Wild,Dallas Stars,Minnesota Wild,Dallas Stars,4,0,REG
2020-01-19,Vancouver Canucks,San Jose Sharks,Vancouver Canucks,San Jose Sharks,4,1,REG
2020-01-19,Pittsburgh Penguins,Boston Bruins,Pittsburgh Penguins,Boston Bruins,4,3,REG
2020-01-19,Carolina Hurricanes,New York Islanders,Carolina Hurricanes,New York Islanders,2,1,SO
2020-01-20,New York Rangers,Columbus Blue Jackets,Columbus Blue Jackets,New York Rangers,2,1,REG
2020-01-20,Chicago Blackhawks,Winnipeg Jets,Chicago Blackhawks,Winnipeg Jets,5,2,REG
2020-01-20,Colorado Avalanche,Detroit Red Wings,Colorado Avalanche,Detroit Red Wings,6,3,REG
2020-01-21,Minnesota Wild,Florida Panthers,Florida Panthers,Minnesota Wild,5,4,REG
2020-01-22,Boston Bruins,Vegas Golden Knights,Boston Bruins,Vegas Golden Knights,3,2,REG
2020-01-22,New York Rangers,New York Islanders,New York Islanders,New York Rangers,4,2,REG
2020-01-22,Carolina Hurricanes,Winnipeg Jets,Carolina Hurricanes,Winnipeg Jets,4,1,REG
2020-01-22,Philadelphia Flyers,Pittsburgh Penguins,Philadelphia Flyers,Pittsburgh Penguins,3,0,REG
2020-01-22,Chicago Blackhawks,Florida Panthers,Florida Panthers,Chicago Blackhawks,4,3,REG
2020-01-23,Columbus Blue Jackets,Winnipeg Jets,Columbus Blue Jackets,Winnipeg Jets,4,3,REG
2020-01-23,Minnesota Wild,Detroit Red Wings,Minnesota Wild,Detroit Red Wings,4,2,REG
2020-01-28,Montreal Canadiens,Washington Capitals,Washington Capitals,Montreal Canadiens,4,2,REG
2020-01-28,Ottawa Senators,New Jersey Devils,New Jersey Devils,Ottawa Senators,4,3,SO
2020-01-28,Nashville Predators,Toronto Maple Leafs,Toronto Maple Leafs,Nashville Predators,5,2,REG
2020-01-28,Dallas Stars,Tampa Bay Lightning,Dallas Stars,Tampa Bay Lightning,3,2,OT
2020-01-28,Vancouver Canucks,St. Louis Blues,Vancouver Canucks,St. Louis Blues,3,1,REG
2020-01-28,San Jose Sharks,Anaheim Ducks,San Jose Sharks,Anaheim Ducks,4,2,REG
2020-01-29,Buffalo Sabres,Ottawa Senators,Ottawa Senators,Buffalo Sabres,5,2,REG
2020-01-29,Calgary Flames,St. Louis Blues,St. Louis Blues,Calgary Flames,5,4,SO
2020-01-30,Washington Capitals,Nashville Predators,Nashville Predators,Washington Capitals,5,4,REG
2020-01-30,Dallas Stars,Toronto Maple Leafs,Toronto Maple Leafs,Dallas Stars,5,3,REG
2020-01-30,Edmonton Oilers,Calgary Flames,Calgary Flames,Edmonton Oilers,4,3,SO
2020-01-30,Anaheim Ducks,Arizona Coyotes,Anaheim Ducks,Arizona Coyotes,4,2,REG
2020-01-30,Los Angeles Kings,Tampa Bay Lightning,Tampa Bay Lightning,Los Angeles Kings,4,2,REG
2020-01-30,San Jose Sharks,Vancouver Canucks,Vancouver Canucks,San Jose Sharks,5,2,REG
2020-01-31,Buffalo Sabres,Montreal Canadiens,Montreal Canadiens,Buffalo Sabres,3,1,REG
2020-01-31,New Jersey Devils,Nashville Predators,Nashville Predators,New Jersey Devils,6,5,SO
2020-01-31,Arizona Coyotes,Los Angeles Kings,Los Angeles Kings,Arizona Coyotes,3,2,OT
2020-02-01,New York Rangers,Detroit Red Wings,New York Rangers,Detroit Red Wings,4,2,REG
2020-02-01,Pittsburgh Penguins,Philadelphia Flyers,Pittsburgh Penguins,Philadelphia Flyers,4,3,OT
2020-02-01,Ottawa Senators,Washington Capitals,Washington Capitals,Ottawa Senators,5,3,REG
2020-02-01,Carolina Hurricanes,Vegas Golden Knights,Vegas Golden Knights,Carolina Hurricanes,4,3,REG
2020-02-01,Winnipeg Jets,Boston Bruins,Boston Bruins,Winnipeg Jets,2,1,REG
2020-02-01,Edmonton Oilers,St. Louis Blues,Edmonton Oilers,St. Louis Blues,4,2,REG
2020-02-01,Anaheim Ducks,Tampa Bay Lightning,Tampa Bay Lightning,Anaheim Ducks,4,3,REG
2020-02-01,Buffalo Sabres,Columbus Blue Jackets,Buffalo Sabres,Columbus Blue Jackets,2,1,OT
2020-02-01,New York Islanders,Vancouver Canucks,Vancouver Canucks,New York Islanders,4,3,OT
2020-02-01,Montreal Canadiens,Florida Panthers,Montreal Canadiens,Florida Panthers,4,0,REG
2020-02-02,Toronto Maple Leafs,Ottawa Senators,Toronto Maple Leafs,Ottawa Senators,2,1,OT
2020-02-02,New Jersey Devils,Dallas Stars,Dallas Stars,New Jersey Devils,3,2,OT
2020-02-02,Philadelphia Flyers,Colorado Avalanche,Philadelphia Flyers,Colorado Avalanche,6,3,REG
2020-02-02,Winnipeg Jets,St. Louis Blues,Winnipeg Jets,St. Louis Blues,5,2,REG
2020-02-02,Nashville Predators,Vegas Golden Knights,Vegas Golden Knights,Nashville Predators,3,0,REG
2020-02-02,Minnesota Wild,Boston Bruins,Boston Bruins,Minnesota Wild,5,1,REG
2020-02-02,Arizona Coyotes,Chicago Blackhawks,Chicago Blackhawks,Arizona Coyotes,3,2,SO
2020-02-02,Calgary Flames,Edmonton Oilers,Edmonton Oilers,Calgary Flames,7,3,REG
2020-02-02,Los Angeles Kings,Anaheim Ducks,Anaheim Ducks,Los Angeles Kings,3,1,REG
2020-02-02,San Jose Sharks,Tampa Bay Lightning,Tampa Bay Lightning,San Jose Sharks,3,0,REG
2020-02-02,Washington Capitals,Pittsburgh Penguins,Pittsburgh Penguins,Washington Capitals,4,3,REG
2020-02-02,Montreal Canadiens,Columbus Blue Jackets,Columbus Blue Jackets,Montreal Canadiens,4,3,REG
2020-02-02,Carolina Hurricanes,Vancouver Canucks,Carolina Hurricanes,Vancouver Canucks,4,3,SO
2020-02-04,Toronto Maple Leafs,Florida Panthers,Florida Panthers,Toronto Maple Leafs,5,3,REG
2020-02-04,New York Rangers,Dallas Stars,Dallas Stars,New York Rangers,5,3,REG
2020-02-04,Detroit Red Wings,Philadelphia Flyers,Philadelphia Flyers,Detroit Red Wings,3,0,REG
2020-02-05,Boston Bruins,Vancouver Canucks,Boston Bruins,Vancouver Canucks,4,0,REG
2020-02-05,Buffalo Sabres,Colorado Avalanche,Colorado Avalanche,Buffalo Sabres,5,1,REG
2020-02-05,Tampa Bay Lightning,Vegas Golden Knights,Tampa Bay Lightning,Vegas Golden Knights,4,2,REG
2020-02-05,New Jersey Devils,Montreal Canadiens,Montreal Canadiens,New Jersey Devils,5,4,SO
2020-02-05,New York Islanders,Dallas Stars,New York Islanders,Dallas Stars,4,3,OT
2020-02-05,Washington Capitals,Los Angeles Kings,Washington Capitals,Los Angeles Kings,4,2,REG
2020-02-05,Ottawa Senators,Anaheim Ducks,Anaheim Ducks,Ottawa Senators,3,2,SO
2020-02-05,St. Louis Blues,Carolina Hurricanes,St. Louis Blues,Carolina Hurricanes,6,3,REG
2020-02-05,Minnesota Wild,Chicago Blackhawks,Minnesota Wild,Chicago Blackhawks,3,2,OT
2020-02-05,Winnipeg Jets,Nashville Predators,Nashville Predators,Winnipeg Jets,2,1,OT
2020-02-05,Calgary Flames,San Jose Sharks,San Jose Sharks,Calgary Flames,3,1,REG
2020-02-05,Arizona Coyotes,Edmonton Oilers,Arizona Coyotes,Edmonton Oilers,3,0,REG
2020-02-06,New York Rangers,Toronto Maple Leafs,New York Rangers,Toronto Maple Leafs,5,3,REG
2020-02-06,Chicago Blackhawks,Boston Bruins,Boston Bruins,Chicago Blackhawks,2,1,OT
2020-02-07,Buffalo Sabres,Detroit Red Wings,Detroit Red Wings,Buffalo Sabres,4,3,SO
2020-02-07,Montreal Canadiens,Anaheim Ducks,Montreal Canadiens,Anaheim Ducks,3,2,OT
2020-02-07,Tampa Bay Lightning,Pittsburgh Penguins,Tampa Bay Lightning,Pittsburgh Penguins,4,2,REG
2020-02-07,Florida Panthers,Vegas Golden Knights,Vegas Golden Knights,Florida Panthers,6,2,REG
2020-02-07,New York Islanders,Los Angeles Kings,New York Islanders,Los Angeles Kings,5,3,REG
2020-02-07,Philadelphia Flyers,New Jersey Devils,New Jersey Devils,Philadelphia Flyers,4,0,REG
2020-02-07,Ottawa Senators,Colorado Avalanche,Colorado Avalanche,Ottawa Senators,4,1,REG
2020-02-07,St. Louis Blues,Winnipeg Jets,Winnipeg Jets,St. Louis Blues,4,2,REG
2020-02-07,Minnesota Wild,Vancouver Canucks,Minnesota Wild,Vancouver Canucks,4,2,REG
2020-02-07,Calgary Flames,Nashville Predators,Nashville Predators,Calgary Flames,3,2,REG
2020-02-07,Arizona Coyotes,Carolina Hurricanes,Carolina Hurricanes,Arizona Coyotes,5,3,REG
2020-02-07,Edmonton Oilers,San Jose Sharks,San Jose Sharks,Edmonton Oilers,6,3,REG
2020-02-08,Toronto Maple Leafs,Anaheim Ducks,Toronto Maple Leafs,Anaheim Ducks,5,4,OT
2020-02-08,New York Rangers,Buffalo Sabres,Buffalo Sabres,New York Rangers,3,2,REG
2020-02-08,Columbus Blue Jackets,Detroit Red Wings,Columbus Blue Jackets,Detroit Red Wings,2,0,REG
2020-02-08,Dallas Stars,Minnesota Wild,Minnesota Wild,Dallas Stars,3,2,REG
2020-02-08,Winnipeg Jets,Ottawa Senators,Winnipeg Jets,Ottawa Senators,5,2,REG
2020-02-08,Boston Bruins,Arizona Coyotes,Boston Bruins,Arizona Coyotes,4,2,REG
2020-02-09,Montreal Canadiens,Toronto Maple Leafs,Montreal Canadiens,Toronto Maple Leafs,2,1,OT
2020-02-09,Tampa Bay Lightning,New York Islanders,Tampa Bay Lightning,New York Islanders,3,1,REG
2020-02-09,Florida Panthers,Pittsburgh Penguins,Pittsburgh Penguins,Florida Panthers,3,2,REG
2020-02-09,New Jersey Devils,Los Angeles Kings,New Jersey Devils,Los Angeles Kings,3,0,REG
2020-02-09,Washington Capitals,Philadelphia Flyers,Philadelphia Flyers,Washington Capitals,6,2,REG
2020-02-09,Columbus Blue Jackets,Colorado Avalanche,Colorado Avalanche,Columbus Blue Jackets,2,1,REG
2020-02-09,Edmonton Oilers,Nashville Predators,Edmonton Oilers,Nashville Predators,3,2,REG
2020-02-09,St. Louis Blues,Dallas Stars,Dallas Stars,St. Louis Blues,3,2,OT
2020-02-09,Vancouver Canucks,Calgary Flames,Calgary Flames,Vancouver Canucks,6,2,REG
2020-02-09,Vegas Golden Knights,Carolina Hurricanes,Carolina Hurricanes,Vegas Golden Knights,6,5,SO
2020-02-09,Detroit Red Wings,Boston Bruins,Detroit Red Wings,Boston Bruins,3,1,REG
2020-02-09,Buffalo Sabres,Anaheim Ducks,Anaheim Ducks,Buffalo Sabres,3,2,REG
2020-02-09,New York Rangers,Los Angeles Kings,New York Rangers,Los Angeles Kings,4,1,REG
2020-02-10,Winnipeg Jets,Chicago Blackhawks,Winnipeg Jets,Chicago Blackhawks,5,2,REG
2020-02-10,Minnesota Wild,Colorado Avalanche,Colorado Avalanche,Minnesota Wild,3,2,REG
2020-02-11,Montreal Canadiens,Arizona Coyotes,Arizona Coyotes,Montreal Canadiens,3,2,REG
2020-02-11,Philadelphia Flyers,Florida Panthers,Philadelphia Flyers,Florida Panthers,4,1,REG
2020-02-11,Washington Capitals,New York Islanders,New York Islanders,Washington Capitals,5,3,REG
2020-02-11,Columbus Blue Jackets,Tampa Bay Lightning,Tampa Bay Lightning,Columbus Blue Jackets,2,1,OT
2020-02-11,Vancouver Canucks,Nashville Predators,Vancouver Canucks,Nashville Predators,6,2,REG
2020-02-11,San Jose Sharks,Calgary Flames,Calgary Flames,San Jose Sharks,6,2,REG
2020-02-12,Buffalo Sabres,Detroit Red Wings,Buffalo Sabres,Detroit Red Wings,3,2,REG
2020-02-12,Toronto Maple Leafs,Arizona Coyotes,Toronto Maple Leafs,Arizona Coyotes,3,2,OT
2020-02-12,New Jersey Devils,Florida Panthers,Florida Panthers,New Jersey Devils,5,3,REG
2020-02-12,New York Islanders,Philadelphia Flyers,New York Islanders,Philadelphia Flyers,5,3,REG
2020-02-12,Pittsburgh Penguins,Tampa Bay Lightning,Tampa Bay Lightning,Pittsburgh Penguins,2,1,OT
2020-02-12,Minnesota Wild,Vegas Golden Knights,Minnesota Wild,Vegas Golden Knights,4,0,REG
2020-02-12,Winnipeg Jets,New York Rangers,New York Rangers,Winnipeg Jets,4,1,REG
2020-02-12,Dallas Stars,Carolina Hurricanes,Dallas Stars,Carolina Hurricanes,4,1,REG
2020-02-12,Colorado Avalanche,Ottawa Senators,Colorado Avalanche,Ottawa Senators,3,0,REG
2020-02-12,Edmonton Oilers,Chicago Blackhawks,Edmonton Oilers,Chicago Blackhawks,5,3,REG
2020-02-13,Boston Bruins,Montreal Canadiens,Boston Bruins,Montreal Canadiens,4,1,REG
2020-02-13,Los Angeles Kings,Calgary Flames,Los Angeles Kings,Calgary Flames,5,3,REG
2020-02-13,Vancouver Canucks,Chicago Blackhawks,Vancouver Canucks,Chicago Blackhawks,3,0,REG
2020-02-14,Buffalo Sabres,Columbus Blue Jackets,Buffalo Sabres,Columbus Blue Jackets,4,3,OT
2020-02-14,Toronto Maple Leafs,Dallas Stars,Dallas Stars,Toronto Maple Leafs,3,2,REG
2020-02-14,Tampa Bay Lightning,Edmonton Oilers,Tampa Bay Lightning,Edmonton Oilers,3,1,REG
2020-02-14,Florida Panthers,Philadelphia Flyers,Philadelphia Flyers,Florida Panthers,6,2,REG
2020-02-14,New Jersey Devils,Detroit Red Wings,New Jersey Devils,Detroit Red Wings,4,1,REG
2020-02-14,Ottawa Senators,Arizona Coyotes,Ottawa Senators,Arizona Coyotes,3,2,REG
2020-02-14,Nashville Predators,New York Islanders,Nashville Predators,New York Islanders,4,0,REG
2020-02-14,Minnesota Wild,New York Rangers,New York Rangers,Minnesota Wild,4,3,SO
2020-02-14,Colorado Avalanche,Washington Capitals,Washington Capitals,Colorado Avalanche,3,2,REG
2020-02-14,Vegas Golden Knights,St. Louis Blues,Vegas Golden Knights,St. Louis Blues,6,5,OT
2020-02-14,Anaheim Ducks,Calgary Flames,Calgary Flames,Anaheim Ducks,4,0,REG
2020-02-15,Pittsburgh Penguins,Montreal Canadiens,Pittsburgh Penguins,Montreal Canadiens,4,1,REG
2020-02-15,Columbus Blue Jackets,New York Rangers,New York Rangers,Columbus Blue Jackets,3,1,REG
2020-02-15,Winnipeg Jets,San Jose Sharks,San Jose Sharks,Winnipeg Jets,3,2,REG
2020-02-15,Carolina Hurricanes,New Jersey Devils,Carolina Hurricanes,New Jersey Devils,5,2,REG
2020-02-15,Boston Bruins,Detroit Red Wings,Boston Bruins,Detroit Red Wings,4,1,REG
2020-02-15,St. Louis Blues,Nashville Predators,Nashville Predators,St. Louis Blues,4,3,REG
2020-02-15,Tampa Bay Lightning,Philadelphia Flyers,Tampa Bay Lightning,Philadelphia Flyers,5,3,REG
2020-02-15,Florida Panthers,Edmonton Oilers,Edmonton Oilers,Florida Panthers,4,1,REG
2020-02-15,Minnesota Wild,San Jose Sharks,San Jose Sharks,Minnesota Wild,2,0,REG
2020-02-16,Montreal Canadiens,Dallas Stars,Dallas Stars,Montreal Canadiens,4,3,OT
2020-02-16,Ottawa Senators,Toronto Maple Leafs,Toronto Maple Leafs,Ottawa Senators,4,2,REG
2020-02-16,Colorado Avalanche,Los Angeles Kings,Los Angeles Kings,Colorado Avalanche,3,1,REG
2020-02-16,Calgary Flames,Chicago Blackhawks,Chicago Blackhawks,Calgary Flames,8,4,REG
2020-02-16,Arizona Coyotes,Washington Capitals,Arizona Coyotes,Washington Capitals,3,1,REG
2020-02-16,Pittsburgh Penguins,Detroit Red Wings,Pittsburgh Penguins,Detroit Red Wings,5,1,REG
2020-02-16,New York Rangers,Boston Bruins,Boston Bruins,New York Rangers,3,1,REG
2020-02-16,Carolina Hurricanes,Edmonton Oilers,Edmonton Oilers,Carolina Hurricanes,4,3,OT
2020-02-16,Vancouver Canucks,Anaheim Ducks,Anaheim Ducks,Vancouver Canucks,5,1,REG
2020-02-16,Ottawa Senators,Dallas Stars,Ottawa Senators,Dallas Stars,4,3,OT
2020-02-16,New Jersey Devils,Columbus Blue Jackets,New Jersey Devils,Columbus Blue Jackets,4,3,SO
2020-02-16,Nashville Predators,St. Louis Blues,Nashville Predators,St. Louis Blues,2,1,REG
2020-02-17,Buffalo Sabres,Toronto Maple Leafs,Buffalo Sabres,Toronto Maple Leafs,5,2,REG
2020-02-17,Winnipeg Jets,Chicago Blackhawks,Winnipeg Jets,Chicago Blackhawks,3,2,REG
2020-02-17,Calgary Flames,Anaheim Ducks,Calgary Flames,Anaheim Ducks,6,4,REG
2020-02-17,Arizona Coyotes,New York Islanders,Arizona Coyotes,New York Islanders,2,1,REG
2020-02-17,San Jose Sharks,Florida Panthers,Florida Panthers,San Jose Sharks,5,3,REG
2020-02-17,Vegas Golden Knights,Washington Capitals,Vegas Golden Knights,Washington Capitals,3,2,REG
2020-02-18,Colorado Avalanche,Tampa Bay Lightning,Tampa Bay Lightning,Colorado Avalanche,4,3,OT
2020-02-19,Philadelphia Flyers,Columbus Blue Jackets,Philadelphia Flyers,Columbus Blue Jackets,5,1,REG
2020-02-19,Pittsburgh Penguins,Toronto Maple Leafs,Pittsburgh Penguins,Toronto Maple Leafs,5,2,REG
2020-02-19,Detroit Red Wings,Montreal Canadiens,Detroit Red Wings,Montreal Canadiens,4,3,REG
2020-02-19,Ottawa Senators,Buffalo Sabres,Ottawa Senators,Buffalo Sabres,7,4,REG
2020-02-19,St. Louis Blues,New Jersey Devils,St. Louis Blues,New Jersey Devils,3,0,REG
2020-02-19,Nashville Predators,Carolina Hurricanes,Carolina Hurricanes,Nashville Predators,4,1,REG
2020-02-19,Winnipeg Jets,Los Angeles Kings,Winnipeg Jets,Los Angeles Kings,6,3,REG
2020-02-20,Chicago Blackhawks,New York Rangers,New York Rangers,Chicago Blackhawks,6,3,REG
2020-02-20,Dallas Stars,Arizona Coyotes,Dallas Stars,Arizona Coyotes,3,2,REG
2020-02-20,Edmonton Oilers,Boston Bruins,Boston Bruins,Edmonton Oilers,2,1,OT
2020-02-20,Colorado Avalanche,New York Islanders,Colorado Avalanche,New York Islanders,3,1,REG
2020-02-20,Anaheim Ducks,Florida Panthers,Florida Panthers,Anaheim Ducks,4,1,REG
2020-02-20,Vancouver Canucks,Minnesota Wild,Minnesota Wild,Vancouver Canucks,4,3,SO
2020-02-21,Toronto Maple Leafs,Pittsburgh Penguins,Toronto Maple Leafs,Pittsburgh Penguins,4,0,REG
2020-02-21,New Jersey Devils,San Jose Sharks,New Jersey Devils,San Jose Sharks,2,1,REG
2020-02-21,Washington Capitals,Montreal Canadiens,Montreal Canadiens,Washington Capitals,4,3,OT
2020-02-21,Columbus Blue Jackets,Philadelphia Flyers,Philadelphia Flyers,Columbus Blue Jackets,4,3,OT
2020-02-21,Ottawa Senators,Winnipeg Jets,Winnipeg Jets,Ottawa Senators,5,1,REG
2020-02-21,Vegas Golden Knights,Tampa Bay Lightning,Vegas Golden Knights,Tampa Bay Lightning,5,3,REG
2020-02-21,Los Angeles Kings,Florida Panthers,Los Angeles Kings,Florida Panthers,5,4,REG
2020-02-22,Carolina Hurricanes,New York Rangers,New York Rangers,Carolina Hurricanes,5,2,REG
2020-02-22,New York Islanders,Detroit Red Wings,New York Islanders,Detroit Red Wings,4,1,REG
2020-02-22,Chicago Blackhawks,Nashville Predators,Chicago Blackhawks,Nashville Predators,2,1,OT
2020-02-22,Dallas Stars,St. Louis Blues,St. Louis Blues,Dallas Stars,5,1,REG
2020-02-22,Calgary Flames,Boston Bruins,Boston Bruins,Calgary Flames,4,3,REG
2020-02-22,Edmonton Oilers,Minnesota Wild,Minnesota Wild,Edmonton Oilers,5,3,REG
2020-02-22,New Jersey Devils,Washington Capitals,New Jersey Devils,Washington Capitals,3,2,REG
2020-02-22,Philadelphia Flyers,Winnipeg Jets,Philadelphia Flyers,Winnipeg Jets,4,2,REG
2020-02-22,Pittsburgh Penguins,Buffalo Sabres,Buffalo Sabres,Pittsburgh Penguins,5,2,REG
2020-02-23,Toronto Maple Leafs,Carolina Hurricanes,Carolina Hurricanes,Toronto Maple Leafs,6,3,REG
2020-02-23,Ottawa Senators,Montreal Canadiens,Montreal Canadiens,Ottawa Senators,3,0,REG
2020-02-23,New York Rangers,San Jose Sharks,New York Rangers,San Jose Sharks,3,2,REG
2020-02-23,Nashville Predators,Columbus Blue Jackets,Nashville Predators,Columbus Blue Jackets,4,3,SO
2020-02-23,Arizona Coyotes,Tampa Bay Lightning,Arizona Coyotes,Tampa Bay Lightning,7,3,REG
2020-02-23,Vancouver Canucks,Boston Bruins,Vancouver Canucks,Boston Bruins,7,3,REG
2020-02-23,Vegas Golden Knights,Florida Panthers,Vegas Golden Knights,Florida Panthers,5,3,REG
2020-02-23,Los Angeles Kings,Colorado Avalanche,Colorado Avalanche,Los Angeles Kings,2,1,SO
2020-02-23,Washington Capitals,Pittsburgh Penguins,Washington Capitals,Pittsburgh Penguins,5,3,REG
2020-02-23,Buffalo Sabres,Winnipeg Jets,Buffalo Sabres,Winnipeg Jets,2,1,REG
2020-02-23,Dallas Stars,Chicago Blackhawks,Dallas Stars,Chicago Blackhawks,2,1,REG
2020-02-23,New York Islanders,San Jose Sharks,New York Islanders,San Jose Sharks,4,1,REG
2020-02-24,Detroit Red Wings,Calgary Flames,Calgary Flames,Detroit Red Wings,4,2,REG
2020-02-24,Minnesota Wild,St. Louis Blues,St. Louis Blues,Minnesota Wild,4,1,REG
2020-02-24,Anaheim Ducks,Vegas Golden Knights,Vegas Golden Knights,Anaheim Ducks,6,5,OT
2020-02-24,Los Angeles Kings,Edmonton Oilers,Edmonton Oilers,Los Angeles Kings,4,2,REG
2020-02-25,Columbus Blue Jackets,Ottawa Senators,Columbus Blue Jackets,Ottawa Senators,4,3,OT
2020-02-26,Boston Bruins,Calgary Flames,Calgary Flames,Boston Bruins,5,2,REG
2020-02-26,Montreal Canadiens,Vancouver Canucks,Vancouver Canucks,Montreal Canadiens,4,3,OT
2020-02-26,Tampa Bay Lightning,Toronto Maple Leafs,Toronto Maple Leafs,Tampa Bay Lightning,4,3,REG
2020-02-26,New York Islanders,New York Rangers,New York Rangers,New York Islanders,4,3,OT
2020-02-26,Philadelphia Flyers,San Jose Sharks,Philadelphia Flyers,San Jose Sharks,4,2,REG
2020-02-26,Washington Capitals,Winnipeg Jets,Washington Capitals,Winnipeg Jets,4,3,SO
2020-02-26,Carolina Hurricanes,Dallas Stars,Dallas Stars,Carolina Hurricanes,4,1,REG
2020-02-26,Detroit Red Wings,New Jersey Devils,New Jersey Devils,Detroit Red Wings,4,1,REG
2020-02-26,St. Louis Blues,Chicago Blackhawks,St. Louis Blues,Chicago Blackhawks,6,5,REG
2020-02-26,Nashville Predators,Ottawa Senators,Nashville Predators,Ottawa Senators,3,2,REG
2020-02-26,Minnesota Wild,Columbus Blue Jackets,Minnesota Wild,Columbus Blue Jackets,5,4,REG
2020-02-26,Arizona Coyotes,Florida Panthers,Florida Panthers,Arizona Coyotes,2,1,REG
2020-02-26,Anaheim Ducks,Edmonton Oilers,Anaheim Ducks,Edmonton Oilers,4,3,OT
2020-02-27,Colorado Avalanche,Buffalo Sabres,Colorado Avalanche,Buffalo Sabres,3,2,REG
2020-02-27,Vegas Golden Knights,Edmonton Oilers,Vegas Golden Knights,Edmonton Oilers,3,0,REG
2020-02-27,Los Angeles Kings,Pittsburgh Penguins,Los Angeles Kings,Pittsburgh Penguins,2,1,REG
2020-02-28,Montreal Canadiens,New York Rangers,New York Rangers,Montreal Canadiens,5,2,REG
2020-02-28,Tampa Bay Lightning,Chicago Blackhawks,Chicago Blackhawks,Tampa Bay Lightning,5,2,REG
2020-02-28,Florida Panthers,Toronto Maple Leafs,Toronto Maple Leafs,Florida Panthers,5,3,REG
2020-02-28,Boston Bruins,Dallas Stars,Boston Bruins,Dallas Stars,4,3,REG
2020-02-28,Ottawa Senators,Vancouver Canucks,Ottawa Senators,Vancouver Canucks,5,2,REG
2020-02-28,Detroit Red Wings,Minnesota Wild,Minnesota Wild,Detroit Red Wings,5,1,REG
2020-02-28,St. Louis Blues,New York Islanders,St. Louis Blues,New York Islanders,3,2,OT
2020-02-28,Nashville Predators,Calgary Flames,Nashville Predators,Calgary Flames,4,3,OT
2020-02-28,Winnipeg Jets,Washington Capitals,Winnipeg Jets,Washington Capitals,3,0,REG
2020-02-28,San Jose Sharks,New Jersey Devils,San Jose Sharks,New Jersey Devils,3,2,OT
2020-02-29,Philadelphia Flyers,New York Rangers,Philadelphia Flyers,New York Rangers,5,2,REG
2020-02-29,Columbus Blue Jackets,Minnesota Wild,Minnesota Wild,Columbus Blue Jackets,4,0,REG
2020-02-29,Carolina Hurricanes,Colorado Avalanche,Colorado Avalanche,Carolina Hurricanes,3,2,REG
2020-02-29,Vegas Golden Knights,Buffalo Sabres,Vegas Golden Knights,Buffalo Sabres,4,2,REG
2020-02-29,Anaheim Ducks,Pittsburgh Penguins,Anaheim Ducks,Pittsburgh Penguins,3,2,REG
2020-02-29,New York Islanders,Boston Bruins,Boston Bruins,New York Islanders,4,0,REG
2020-02-29,Tampa Bay Lightning,Calgary Flames,Tampa Bay Lightning,Calgary Flames,4,3,REG
2020-02-29,Los Angeles Kings,New Jersey Devils,Los Angeles Kings,New Jersey Devils,2,1,OT
2020-02-29,Florida Panthers,Chicago Blackhawks,Chicago Blackhawks,Florida Panthers,3,2,SO
2020-03-01,Toronto Maple Leafs,Vancouver Canucks,Toronto Maple Leafs,Vancouver Canucks,4,2,REG
2020-03-01,Montreal Canadiens,Carolina Hurricanes,Montreal Canadiens,Carolina Hurricanes,4,3,OT
2020-03-01,Ottawa Senators,Detroit Red Wings,Ottawa Senators,Detroit Red Wings,4,3,SO
2020-03-01,Nashville Predators,Colorado Avalanche,Colorado Avalanche,Nashville Predators,3,2,REG
2020-03-01,St. Louis Blues,Dallas Stars,St. Louis Blues,Dallas Stars,4,3,SO
2020-03-01,Arizona Coyotes,Buffalo Sabres,Arizona Coyotes,Buffalo Sabres,5,2,REG
2020-03-01,Edmonton Oilers,Winnipeg Jets,Edmonton Oilers,Winnipeg Jets,3,2,REG
2020-03-01,San Jose Sharks,Pittsburgh Penguins,San Jose Sharks,Pittsburgh Penguins,4,0,REG
2020-03-01,New York Rangers,Philadelphia Flyers,Philadelphia Flyers,New York Rangers,5,3,REG
2020-03-01,Florida Panthers,Calgary Flames,Calgary Flames,Florida Panthers,3,0,REG
2020-03-02,Columbus Blue Jackets,Vancouver Canucks,Columbus Blue Jackets,Vancouver Canucks,5,3,REG
2020-03-02,Minnesota Wild,Washington Capitals,Washington Capitals,Minnesota Wild,4,3,REG
2020-03-02,Anaheim Ducks,New Jersey Devils,New Jersey Devils,Anaheim Ducks,3,0,REG
2020-03-02,Vegas Golden Knights,Los Angeles Kings,Los Angeles Kings,Vegas Golden Knights,4,1,REG
2020-03-03,Detroit Red Wings,Colorado Avalanche,Colorado Avalanche,Detroit Red Wings,2,1,REG
2020-03-03,Nashville Predators,Edmonton Oilers,Edmonton Oilers,Nashville Predators,7,3,REG
2020-03-04,New York Islanders,Montreal Canadiens,Montreal Canadiens,New York Islanders,6,2,REG
2020-03-04,New York Rangers,St. Louis Blues,St. Louis Blues,New York Rangers,3,1,REG
2020-03-04,Pittsburgh Penguins,Ottawa Senators,Pittsburgh Penguins,Ottawa Senators,7,3,REG
2020-03-04,Tampa Bay Lightning,Boston Bruins,Boston Bruins,Tampa Bay Lightning,2,1,REG
2020-03-04,Minnesota Wild,Nashville Predators,Minnesota Wild,Nashville Predators,3,1,REG
2020-03-04,Winnipeg Jets,Buffalo Sabres,Winnipeg Jets,Buffalo Sabres,3,1,REG
2020-03-04,Chicago Blackhawks,Anaheim Ducks,Chicago Blackhawks,Anaheim Ducks,6,2,REG
2020-03-04,Dallas Stars,Edmonton Oilers,Edmonton Oilers,Dallas Stars,2,1,OT
2020-03-04,Vegas Golden Knights,New Jersey Devils,Vegas Golden Knights,New Jersey Devils,3,0,REG
2020-03-04,San Jose Sharks,Toronto Maple Leafs,San Jose Sharks,Toronto Maple Leafs,5,2,REG
2020-03-05,Washington Capitals,Philadelphia Flyers,Philadelphia Flyers,Washington Capitals,5,2,REG
2020-03-05,Calgary Flames,Columbus Blue Jackets,Calgary Flames,Columbus Blue Jackets,3,2,OT
2020-03-05,Colorado Avalanche,Anaheim Ducks,Anaheim Ducks,Colorado Avalanche,4,3,OT
2020-03-05,Vancouver Canucks,Arizona Coyotes,Arizona Coyotes,Vancouver Canucks,4,2,REG
2020-03-06,Buffalo Sabres,Pittsburgh Penguins,Pittsburgh Penguins,Buffalo Sabres,4,2,REG
2020-03-06,Tampa Bay Lightning,Montreal Canadiens,Tampa Bay Lightning,Montreal Canadiens,4,0,REG
2020-03-06,Florida Panthers,Boston Bruins,Boston Bruins,Florida Panthers,2,1,OT
2020-03-06,New York Rangers,Washington Capitals,New York Rangers,Washington Capitals,6,5,OT
2020-03-06,Philadelphia Flyers,Carolina Hurricanes,Philadelphia Flyers,Carolina Hurricanes,4,1,REG
2020-03-06,Ottawa Senators,New York Islanders,Ottawa Senators,New York Islanders,4,3,REG
2020-03-06,Nashville Predators,Dallas Stars,Nashville Predators,Dallas Stars,2,0,REG
2020-03-06,Chicago Blackhawks,Edmonton Oilers,Chicago Blackhawks,Edmonton Oilers,4,3,REG
2020-03-06,San Jose Sharks,Minnesota Wild,Minnesota Wild,San Jose Sharks,3,2,REG
2020-03-07,New Jersey Devils,St. Louis Blues,New Jersey Devils,St. Louis Blues,4,2,REG
2020-03-07,Detroit Red Wings,Chicago Blackhawks,Detroit Red Wings,Chicago Blackhawks,2,1,REG
2020-03-07,Winnipeg Jets,Vegas Golden Knights,Winnipeg Jets,Vegas Golden Knights,4,0,REG
2020-03-07,Calgary Flames,Arizona Coyotes,Calgary Flames,Arizona Coyotes,3,2,REG
2020-03-07,Vancouver Canucks,Colorado Avalanche,Vancouver Canucks,Colorado Avalanche,6,3,REG
2020-03-07,Anaheim Ducks,Toronto Maple Leafs,Anaheim Ducks,Toronto Maple Leafs,2,1,REG
2020-03-07,New York Islanders,Carolina Hurricanes,Carolina Hurricanes,New York Islanders,3,2,OT
2020-03-07,Pittsburgh Penguins,Washington Capitals,Washington Capitals,Pittsburgh Penguins,5,2,REG
2020-03-07,Los Angeles Kings,Minnesota Wild,Los Angeles Kings,Minnesota Wild,7,3,REG
2020-03-08,Boston Bruins,Tampa Bay Lightning,Tampa Bay Lightning,Boston Bruins,5,3,REG
2020-03-08,Florida Panthers,Montreal Canadiens,Florida Panthers,Montreal Canadiens,4,1,REG
2020-03-08,New York Rangers,New Jersey Devils,New Jersey Devils,New York Rangers,6,4,REG
2020-03-08,Philadelphia Flyers,Buffalo Sabres,Philadelphia Flyers,Buffalo Sabres,3,1,REG
2020-03-08,San Jose Sharks,Ottawa Senators,Ottawa Senators,San Jose Sharks,2,1,OT
2020-03-08,Edmonton Oilers,Columbus Blue Jackets,Edmonton Oilers,Columbus Blue Jackets,4,1,REG
2020-03-08,Pittsburgh Penguins,Carolina Hurricanes,Carolina Hurricanes,Pittsburgh Penguins,6,2,REG
2020-03-08,Detroit Red Wings,Tampa Bay Lightning,Detroit Red Wings,Tampa Bay Lightning,5,4,SO
2020-03-08,Calgary Flames,Vegas Golden Knights,Vegas Golden Knights,Calgary Flames,5,3,REG
2020-03-08,Chicago Blackhawks,St. Louis Blues,St. Louis Blues,Chicago Blackhawks,2,0,REG
2020-03-09,Anaheim Ducks,Minnesota Wild,Minnesota Wild,Anaheim Ducks,5,4,OT
2020-03-09,Vancouver Canucks,Columbus Blue Jackets,Columbus Blue Jackets,Vancouver Canucks,2,1,REG
2020-03-09,San Jose Sharks,Colorado Avalanche,Colorado Avalanche,San Jose Sharks,4,3,REG
2020-03-09,Buffalo Sabres,Washington Capitals,Buffalo Sabres,Washington Capitals,3,2,SO
2020-03-10,Winnipeg Jets,Arizona Coyotes,Winnipeg Jets,Arizona Coyotes,4,2,REG
2020-03-10,St. Louis Blues,Florida Panthers,Florida Panthers,St. Louis Blues,2,1,REG
2020-03-10,Edmonton Oilers,Vegas Golden Knights,Vegas Golden Knights,Edmonton Oilers,3,2,OT
2020-03-10,Los Angeles Kings,Colorado Avalanche,Los Angeles Kings,Colorado Avalanche,3,1,REG
2020-03-10,Toronto Maple Leafs,Tampa Bay Lightning,Toronto Maple Leafs,Tampa Bay Lightning,2,1,REG
2020-03-10,Montreal Canadiens,Nashville Predators,Nashville Predators,Montreal Canadiens,4,2,REG
2020-03-10,New Jersey Devils,Pittsburgh Penguins,Pittsburgh Penguins,New Jersey Devils,5,2,REG
2020-03-10,Philadelphia Flyers,Boston Bruins,Boston Bruins,Philadelphia Flyers,2,0,REG
2020-03-10,Detroit Red Wings,Carolina Hurricanes,Carolina Hurricanes,Detroit Red Wings,5,2,REG
2020-03-11,Dallas Stars,New York Rangers,New York Rangers,Dallas Stars,4,2,REG
2020-03-11,Vancouver Canucks,New York Islanders,Vancouver Canucks,New York Islanders,5,4,SO
2020-03-11,Anaheim Ducks,Ottawa Senators,Anaheim Ducks,Ottawa Senators,5,2,REG
2020-03-12,Chicago Blackhawks,San Jose Sharks,Chicago Blackhawks,San Jose Sharks,6,2,REG
2020-03-12,Edmonton Oilers,Winnipeg Jets,Winnipeg Jets,Edmonton Oilers,4,2,REG
2020-03-12,Anaheim Ducks,St. Louis Blues,St. Louis Blues,Anaheim Ducks,4,2,REG
2020-03-12,Colorado Avalanche,New York Rangers,Colorado Avalanche,New York Rangers,3,2,OT
2020-03-12,Los Angeles Kings,Ottawa Senators,Los Angeles Kings,Ottawa Senators,3,2,REG
