season,rank,team,conference,elo,wins,losses,games_played,win_pct,record,best_win_team,best_win_elo,sos,updated_at,draws,country
2020,1,Club Brugge,Pro League,2037.1,21,1,22,0.955,21-1,Charleroi,1714.6,1448.6,2026-05-21T19:19:50Z,7,BEL
2020,2,Celtic,Scottish Premiership,1984.6,26,2,28,0.929,26-2,Rangers,1839.5,1441.7,2026-05-21T19:19:50Z,2,SCO
2020,3,Real Madrid,La Liga,1948.1,26,3,29,0.897,26-3,Barcelona,1777.5,1469.2,2026-05-21T19:19:50Z,9,ESP
2020,4,Paris SG,Ligue 1,1941.7,22,3,25,0.88,22-3,Marseille,1706.6,1488.4,2026-05-21T19:19:50Z,2,FRA
2020,5,Porto,Primeira Liga,1924.5,26,4,30,0.867,26-4,Benfica,1830.1,1489.2,2026-05-21T19:19:50Z,4,POR
2020,6,Bayern Munich,2. Bundesliga,1914.4,26,4,30,0.867,26-4,Dortmund,1720.1,1460.8,2026-05-21T19:19:50Z,4,GER
2020,7,Inter,Serie A,1880,24,4,28,0.857,24-4,Atalanta,1802,1465,2026-05-21T19:19:50Z,10,ITA
2020,8,Liverpool,Premier League,1865,32,3,35,0.914,32-3,Man City,1790,1475.9,2026-05-21T19:19:50Z,3,ENG
2020,9,Rangers,Scottish Premiership,1839.5,21,4,25,0.84,21-4,Celtic,1984.6,1455.1,2026-05-21T19:19:50Z,4,SCO
2020,10,Benfica,Primeira Liga,1830.1,24,5,29,0.828,24-5,Sp Braga,1659.1,1490.5,2026-05-21T19:19:50Z,5,POR
2020,11,Atalanta,Serie A,1802,23,6,29,0.793,23-6,Milan,1738.2,1449.1,2026-05-21T19:19:50Z,9,ITA
2020,12,Man City,Premier League,1790,26,9,35,0.743,26-9,Liverpool,1865,1486.3,2026-05-21T19:19:50Z,3,ENG
2020,13,Barcelona,La Liga,1777.5,25,6,31,0.806,25-6,Ath Madrid,1776.6,1467.5,2026-05-21T19:19:50Z,7,ESP
2020,14,Ath Madrid,La Liga,1776.6,18,4,22,0.818,18-4,Villarreal,1570.9,1471.3,2026-05-21T19:19:50Z,16,ESP
2020,15,Benevento,Serie B,1774.1,26,4,30,0.867,26-4,Crotone,1675.1,1486.1,2026-05-21T19:19:50Z,8,ITA
2020,16,Ajax,Eredivisie,1770.9,18,5,23,0.783,18-5,Feyenoord,1769.3,1471.4,2026-05-21T19:19:50Z,2,NED
2020,17,Feyenoord,Eredivisie,1769.3,14,3,17,0.824,14-3,PSV Eindhoven,1715.1,1476.9,2026-05-21T19:19:50Z,8,NED
2020,18,Trabzonspor,Süper Lig,1768.5,18,5,23,0.783,18-5,Alanyaspor,1636.3,1450.3,2026-05-21T19:19:50Z,11,TUR
2020,19,RB Leipzig,2. Bundesliga,1759.5,18,4,22,0.818,18-4,M'gladbach,1673.4,1434.7,2026-05-21T19:19:50Z,12,GER
2020,20,AZ Alkmaar,Eredivisie,1751.6,18,5,23,0.783,18-5,Ajax,1770.9,1465,2026-05-21T19:19:50Z,2,NED
2020,21,Sevilla,La Liga,1748.6,19,6,25,0.76,19-6,Getafe,1563.4,1483,2026-05-21T19:19:50Z,13,ESP
2020,22,Milan,Serie A,1738.2,19,10,29,0.655,19-10,Juventus,1715.3,1491.5,2026-05-21T19:19:50Z,9,ITA
2020,23,Leeds,Championship,1730.6,28,9,37,0.757,28-9,West Brom,1722.9,1478.4,2026-05-21T19:19:50Z,9,ENG
2020,24,Buyuksehyr,Süper Lig,1730.4,20,5,25,0.8,20-5,Alanyaspor,1636.3,1449.4,2026-05-21T19:19:50Z,9,TUR
2020,25,West Brom,Championship,1722.9,22,7,29,0.759,22-7,Cardiff,1592.4,1477.9,2026-05-21T19:19:50Z,17,ENG
2020,26,Dortmund,2. Bundesliga,1720.1,21,7,28,0.75,21-7,RB Leipzig,1759.5,1499.8,2026-05-21T19:19:50Z,6,GER
2020,27,Juventus,Serie A,1715.3,26,7,33,0.788,26-7,Inter,1880,1482.9,2026-05-21T19:19:50Z,5,ITA
2020,28,PSV Eindhoven,Eredivisie,1715.1,14,5,19,0.737,14-5,Willem II,1598.5,1488.1,2026-05-21T19:19:50Z,7,NED
2020,29,Charleroi,Pro League,1714.6,15,5,20,0.75,15-5,Gent,1701.4,1444.7,2026-05-21T19:19:50Z,9,BEL
2020,30,Brentford,Championship,1706.6,24,13,37,0.649,24-13,West Brom,1722.9,1488.3,2026-05-21T19:19:50Z,9,ENG
2020,31,Marseille,Ligue 1,1706.6,16,4,20,0.8,16-4,Rennes,1653.9,1473.3,2026-05-21T19:19:50Z,8,FRA
2020,32,Lazio,Serie A,1704.9,24,8,32,0.75,24-8,Inter,1880,1478.4,2026-05-21T19:19:50Z,6,ITA
2020,33,Man United,Premier League,1702.9,18,8,26,0.692,18-8,Man City,1790,1469.1,2026-05-21T19:19:50Z,12,ENG
2020,34,Gent,Pro League,1701.4,16,6,22,0.727,16-6,Standard,1562.6,1454.2,2026-05-21T19:19:50Z,7,BEL
2020,35,Crotone,Serie B,1675.1,20,10,30,0.667,20-10,Benevento,1774.1,1490.1,2026-05-21T19:19:50Z,8,ITA
2020,36,M'gladbach,2. Bundesliga,1673.4,20,9,29,0.69,20-9,Bayern Munich,1914.4,1490.1,2026-05-21T19:19:50Z,5,GER
2020,37,Ajaccio,Ligue 2,1663.2,15,6,21,0.714,15-6,Lorient,1628,1464,2026-05-21T19:19:50Z,7,FRA
2020,38,Sp Braga,Primeira Liga,1659.1,18,10,28,0.643,18-10,Porto,1924.5,1496.2,2026-05-21T19:19:50Z,6,POR
2020,39,Antwerp,Pro League,1654.7,15,6,21,0.714,15-6,Club Brugge,2037.1,1481.6,2026-05-21T19:19:50Z,8,BEL
2020,40,Rennes,Ligue 1,1653.9,15,8,23,0.652,15-8,Paris SG,1941.7,1481.3,2026-05-21T19:19:50Z,5,FRA
2020,41,Lens,Ligue 2,1644.7,15,5,20,0.75,15-5,Ajaccio,1663.2,1470.7,2026-05-21T19:19:50Z,8,FRA
2020,42,Clermont,Ligue 2,1643.3,14,6,20,0.7,14-6,Lorient,1628,1471.6,2026-05-21T19:19:50Z,8,FRA
2020,43,Alanyaspor,Süper Lig,1636.3,16,9,25,0.64,16-9,Galatasaray,1599.1,1476.1,2026-05-21T19:19:50Z,9,TUR
2020,44,Sp Lisbon,Primeira Liga,1630.5,18,10,28,0.643,18-10,Sp Braga,1659.1,1495.8,2026-05-21T19:19:50Z,6,POR
2020,45,Fulham,Championship,1629.7,23,11,34,0.676,23-11,Leeds,1730.6,1490.5,2026-05-21T19:19:50Z,12,ENG
2020,46,Besiktas,Süper Lig,1628,19,10,29,0.655,19-10,Alanyaspor,1636.3,1481.6,2026-05-21T19:19:50Z,5,TUR
2020,47,Lorient,Ligue 2,1628,17,8,25,0.68,17-8,Clermont,1643.3,1486.7,2026-05-21T19:19:50Z,3,FRA
2020,48,Tottenham,Premier League,1625.5,16,11,27,0.593,16-11,Man City,1790,1508.6,2026-05-21T19:19:50Z,11,ENG
2020,49,Napoli,Serie A,1625.2,18,12,30,0.6,18-12,Juventus,1715.3,1493.7,2026-05-21T19:19:50Z,8,ITA
2020,50,Le Havre,Ligue 2,1624.4,11,6,17,0.647,11-6,Lens,1644.7,1477,2026-05-21T19:19:50Z,11,FRA
2020,51,Lille,Ligue 1,1620.9,15,9,24,0.625,15-9,Rennes,1653.9,1509.9,2026-05-21T19:19:50Z,4,FRA
2020,52,Utrecht,Eredivisie,1617.2,12,8,20,0.6,12-8,PSV Eindhoven,1715.1,1457.2,2026-05-21T19:19:50Z,5,NED
2020,53,Leverkusen,2. Bundesliga,1615.7,19,9,28,0.679,19-9,Bayern Munich,1914.4,1483.2,2026-05-21T19:19:50Z,6,GER
2020,54,Roma,Serie A,1613.1,21,10,31,0.677,21-10,Milan,1738.2,1462.9,2026-05-21T19:19:50Z,7,ITA
2020,55,Troyes,Ligue 2,1612.7,16,9,25,0.64,16-9,Ajaccio,1663.2,1500.8,2026-05-21T19:19:50Z,3,FRA
2020,56,Spezia,Serie B,1607.5,17,11,28,0.607,17-11,Crotone,1675.1,1494.3,2026-05-21T19:19:50Z,10,ITA
2020,57,Vallecano,La Liga 2,1603.8,13,8,21,0.619,13-8,Huesca,1593.3,1484.6,2026-05-21T19:19:50Z,21,ESP
2020,58,Arsenal,Premier League,1603.6,14,10,24,0.583,14-10,Liverpool,1865,1511.2,2026-05-21T19:19:50Z,14,ENG
2020,59,Rio Ave,Primeira Liga,1601,15,9,24,0.625,15-9,Sp Braga,1659.1,1483.7,2026-05-21T19:19:50Z,10,POR
2020,60,Galatasaray,Süper Lig,1599.1,15,8,23,0.652,15-8,Alanyaspor,1636.3,1482.9,2026-05-21T19:19:50Z,11,TUR
2020,61,Chelsea,Premier League,1598.6,20,12,32,0.625,20-12,Man City,1790,1494.9,2026-05-21T19:19:50Z,6,ENG
2020,62,Willem II,Eredivisie,1598.5,13,8,21,0.619,13-8,Ajax,1770.9,1527,2026-05-21T19:19:50Z,5,NED
2020,63,Anderlecht,Pro League,1597.2,11,8,19,0.579,11-8,Charleroi,1714.6,1483,2026-05-21T19:19:50Z,10,BEL
2020,64,Chievo,Serie B,1596.9,14,10,24,0.583,14-10,Benevento,1774.1,1484.5,2026-05-21T19:19:50Z,14,ITA
2020,65,Wolves,Premier League,1594.7,15,9,24,0.625,15-9,Man City,1790,1486.5,2026-05-21T19:19:50Z,14,ENG
2020,66,Huesca,La Liga 2,1593.3,21,14,35,0.6,21-14,Almeria,1576.4,1502.1,2026-05-21T19:19:50Z,7,ESP
2020,67,Cardiff,Championship,1592.4,19,11,30,0.633,19-11,Leeds,1730.6,1492.6,2026-05-21T19:19:50Z,16,ENG
2020,68,Lyon,Ligue 1,1591.4,11,10,21,0.524,11-10,Bordeaux,1528.5,1514.2,2026-05-21T19:19:50Z,7,FRA
2020,69,Guimaraes,Primeira Liga,1585.8,13,10,23,0.565,13-10,Famalicao,1575.9,1504.5,2026-05-21T19:19:50Z,11,POR
2020,70,Sivasspor,Süper Lig,1581.1,17,8,25,0.68,17-8,Trabzonspor,1768.5,1479.1,2026-05-21T19:19:50Z,9,TUR
2020,71,Almeria,La Liga 2,1576.4,17,12,29,0.586,17-12,Vallecano,1603.8,1495.8,2026-05-21T19:19:50Z,13,ESP
2020,72,Valenciennes,Ligue 2,1576.3,11,8,19,0.579,11-8,Lens,1644.7,1488.2,2026-05-21T19:19:50Z,9,FRA
2020,73,Famalicao,Primeira Liga,1575.9,14,8,22,0.636,14-8,Porto,1924.5,1491.6,2026-05-21T19:19:50Z,12,POR
2020,74,Swansea,Championship,1575.7,18,12,30,0.6,18-12,Leeds,1730.6,1504.9,2026-05-21T19:19:50Z,16,ENG
2020,75,Reims,Ligue 1,1572.6,10,7,17,0.588,10-7,Paris SG,1941.7,1507.5,2026-05-21T19:19:50Z,11,FRA
2020,76,Hoffenheim,2. Bundesliga,1571.7,15,12,27,0.556,15-12,Bayern Munich,1914.4,1516.8,2026-05-21T19:19:50Z,7,GER
2020,77,Villarreal,La Liga,1570.9,18,14,32,0.562,18-14,Sevilla,1748.6,1468.3,2026-05-21T19:19:50Z,6,ESP
2020,78,Millwall,Championship,1568.6,17,12,29,0.586,17-12,Leeds,1730.6,1507.4,2026-05-21T19:19:50Z,17,ENG
2020,79,Fuenlabrada,La Liga 2,1564.6,15,12,27,0.556,15-12,Huesca,1593.3,1499.4,2026-05-21T19:19:50Z,15,ESP
2020,80,Getafe,La Liga,1563.4,14,12,26,0.538,14-12,Granada,1553.1,1557.5,2026-05-21T19:19:50Z,12,ESP
2020,81,Standard,Pro League,1562.6,14,8,22,0.636,14-8,Antwerp,1654.7,1436.2,2026-05-21T19:19:50Z,7,BEL
2020,82,Leicester,Premier League,1558.1,18,12,30,0.6,18-12,Tottenham,1625.5,1500.6,2026-05-21T19:19:50Z,8,ENG
2020,83,Aberdeen,Scottish Premiership,1558,12,9,21,0.571,12-9,Livingston,1525.9,1506,2026-05-21T19:19:50Z,9,SCO
2020,84,Fenerbahce,Süper Lig,1557.9,15,11,26,0.577,15-11,Buyuksehyr,1730.4,1495.2,2026-05-21T19:19:50Z,8,TUR
2020,85,Wolfsburg,2. Bundesliga,1556,13,11,24,0.542,13-11,M'gladbach,1673.4,1518.9,2026-05-21T19:19:50Z,10,GER
2020,86,Cadiz,La Liga 2,1555.3,19,11,30,0.633,19-11,Huesca,1593.3,1486.3,2026-05-21T19:19:50Z,12,ESP
2020,87,Wigan,Championship,1553.2,15,17,32,0.469,15-17,Leeds,1730.6,1506.9,2026-05-21T19:19:50Z,14,ENG
2020,88,Granada,La Liga,1553.1,16,14,30,0.533,16-14,Barcelona,1777.5,1507.2,2026-05-21T19:19:50Z,8,ESP
2020,89,Mechelen,Pro League,1552.1,13,11,24,0.542,13-11,Antwerp,1654.7,1497.3,2026-05-21T19:19:50Z,5,BEL
2020,90,Elche,La Liga 2,1551.6,16,13,29,0.552,16-13,Vallecano,1603.8,1487.1,2026-05-21T19:19:50Z,13,ESP
2020,91,Girona,La Liga 2,1550.2,17,13,30,0.567,17-13,Vallecano,1603.8,1508.9,2026-05-21T19:19:50Z,12,ESP
2020,92,Malaga,La Liga 2,1548.6,11,11,22,0.5,11-11,Cadiz,1555.3,1492.2,2026-05-21T19:19:50Z,20,ESP
2020,93,Alcorcon,La Liga 2,1542.8,13,11,24,0.542,13-11,Vallecano,1603.8,1501.9,2026-05-21T19:19:50Z,18,ESP
2020,94,Montpellier,Ligue 1,1538.9,11,10,21,0.524,11-10,Lyon,1591.4,1506.2,2026-05-21T19:19:50Z,7,FRA
2020,95,Caen,Ligue 2,1530.7,8,10,18,0.444,8-10,Ajaccio,1663.2,1524.5,2026-05-21T19:19:50Z,10,FRA
2020,96,Las Palmas,La Liga 2,1530.5,14,13,27,0.519,14-13,Almeria,1576.4,1495.9,2026-05-21T19:19:50Z,15,ESP
2020,97,Tenerife,La Liga 2,1528.8,14,15,29,0.483,14-15,Almeria,1576.4,1491.2,2026-05-21T19:19:50Z,13,ESP
2020,98,Bordeaux,Ligue 1,1528.5,9,9,18,0.5,9-9,Monaco,1503.8,1515.8,2026-05-21T19:19:50Z,10,FRA
2020,99,Gaziantep,Süper Lig,1528.3,11,10,21,0.524,11-10,Besiktas,1628,1502,2026-05-21T19:19:50Z,13,TUR
2020,100,Kasimpasa,Süper Lig,1527.7,12,15,27,0.444,12-15,Buyuksehyr,1730.4,1505.3,2026-05-21T19:19:50Z,7,TUR
2020,101,Livingston,Scottish Premiership,1525.9,10,11,21,0.476,10-11,Celtic,1984.6,1529.6,2026-05-21T19:19:50Z,9,SCO
2020,102,Vitesse,Eredivisie,1525.5,12,9,21,0.571,12-9,AZ Alkmaar,1751.6,1456,2026-05-21T19:19:50Z,5,NED
2020,103,Cosenza,Serie B,1524.8,12,16,28,0.429,12-16,Pisa,1522.4,1499.7,2026-05-21T19:19:50Z,10,ITA
2020,104,Frosinone,Serie B,1523.1,14,12,26,0.538,14-12,Spezia,1607.5,1514.6,2026-05-21T19:19:50Z,12,ITA
2020,105,Pisa,Serie B,1522.4,14,12,26,0.538,14-12,Spezia,1607.5,1468.8,2026-05-21T19:19:50Z,12,ITA
2020,106,Cremonese,Serie B,1521.6,12,13,25,0.48,12-13,Crotone,1675.1,1519.6,2026-05-21T19:19:50Z,13,ITA
2020,107,Nott'm Forest,Championship,1521.2,18,12,30,0.6,18-12,Leeds,1730.6,1496.9,2026-05-21T19:19:50Z,16,ENG
2020,108,Pordenone,Serie B,1519.8,16,12,28,0.571,16-12,Crotone,1675.1,1501.6,2026-05-21T19:19:50Z,10,ITA
2020,109,Fiorentina,Serie A,1519.4,12,13,25,0.48,12-13,Milan,1738.2,1480.9,2026-05-21T19:19:50Z,13,ITA
2020,110,Derby,Championship,1518.2,17,16,33,0.515,17-16,Swansea,1575.7,1485.4,2026-05-21T19:19:50Z,13,ENG
2020,111,Nice,Ligue 1,1516.2,11,9,20,0.55,11-9,Rennes,1653.9,1478.2,2026-05-21T19:19:50Z,8,FRA
2020,112,Trapani,Serie B,1515.8,11,14,25,0.44,11-14,Benevento,1774.1,1500.7,2026-05-21T19:19:50Z,13,ITA
2020,113,Ein Frankfurt,2. Bundesliga,1513.9,13,15,28,0.464,13-15,Bayern Munich,1914.4,1511.7,2026-05-21T19:19:50Z,6,GER
2020,114,Motherwell,Scottish Premiership,1513.4,14,12,26,0.538,14-12,Aberdeen,1558,1503.2,2026-05-21T19:19:50Z,4,SCO
2020,115,Sheffield United,Premier League,1513.3,14,12,26,0.538,14-12,Tottenham,1625.5,1507.2,2026-05-21T19:19:50Z,12,ENG
2020,116,Stoke,Championship,1512.2,16,22,38,0.421,16-22,West Brom,1722.9,1497.7,2026-05-21T19:19:50Z,8,ENG
2020,117,Guingamp,Ligue 2,1511.5,10,9,19,0.526,10-9,Lorient,1628,1481.3,2026-05-21T19:19:50Z,9,FRA
2020,118,Sassuolo,Serie A,1511.5,14,15,29,0.483,14-15,Lazio,1704.9,1479,2026-05-21T19:19:50Z,9,ITA
2020,119,Heerenveen,Eredivisie,1505.6,8,9,17,0.471,8-9,AZ Alkmaar,1751.6,1540.7,2026-05-21T19:19:50Z,9,NED
2020,120,Heracles,Eredivisie,1505.2,10,10,20,0.5,10-10,Ajax,1770.9,1490.9,2026-05-21T19:19:50Z,6,NED
2020,121,Sociedad,La Liga,1504.4,16,14,30,0.533,16-14,Ath Madrid,1776.6,1487,2026-05-21T19:19:50Z,8,ESP
2020,122,Southampton,Premier League,1504.4,15,16,31,0.484,15-16,Man City,1790,1490.4,2026-05-21T19:19:50Z,7,ENG
2020,123,Monaco,Ligue 1,1503.8,11,10,21,0.524,11-10,Rennes,1653.9,1486.3,2026-05-21T19:19:50Z,7,FRA
2020,124,Oviedo,La Liga 2,1502,13,15,28,0.464,13-15,Vallecano,1603.8,1504.7,2026-05-21T19:19:50Z,14,ESP
2020,125,Sp Gijon,La Liga 2,1501.6,14,16,30,0.467,14-16,Almeria,1576.4,1502.7,2026-05-21T19:19:50Z,12,ESP
2020,126,Zaragoza,La Liga 2,1501.6,18,13,31,0.581,18-13,Vallecano,1603.8,1500,2026-05-21T19:19:50Z,11,ESP
2020,127,Grenoble,Ligue 2,1496.4,7,7,14,0.5,7-7,Troyes,1612.7,1530.1,2026-05-21T19:19:50Z,14,FRA
2020,128,Auxerre,Ligue 2,1495.5,8,10,18,0.444,8-10,Ajaccio,1663.2,1507.1,2026-05-21T19:19:50Z,10,FRA
2020,129,Strasbourg,Ligue 1,1495.4,11,11,22,0.5,11-11,Reims,1572.6,1490.2,2026-05-21T19:19:50Z,5,FRA
2020,130,Empoli,Serie B,1495.1,14,12,26,0.538,14-12,Crotone,1675.1,1486,2026-05-21T19:19:50Z,12,ITA
2020,131,Cittadella,Serie B,1494,17,14,31,0.548,17-14,Cosenza,1524.8,1485.3,2026-05-21T19:19:50Z,7,ITA
2020,132,Moreirense,Primeira Liga,1493.9,10,11,21,0.476,10-11,Santa Clara,1490.1,1495.5,2026-05-21T19:19:50Z,13,POR
2020,133,Burnley,Premier League,1493.4,15,14,29,0.517,15-14,Man United,1702.9,1484.9,2026-05-21T19:19:50Z,9,ENG
2020,134,Antalyaspor,Süper Lig,1492,11,11,22,0.5,11-11,Alanyaspor,1636.3,1509.5,2026-05-21T19:19:50Z,12,TUR
2020,135,Groningen,Eredivisie,1490.6,10,11,21,0.476,10-11,Ajax,1770.9,1496.8,2026-05-21T19:19:50Z,5,NED
2020,136,Salernitana,Serie B,1490.5,14,14,28,0.5,14-14,Crotone,1675.1,1484.6,2026-05-21T19:19:50Z,10,ITA
2020,137,Blackburn,Championship,1490.4,17,17,34,0.5,17-17,Brentford,1706.6,1488.8,2026-05-21T19:19:50Z,12,ENG
2020,138,Angers,Ligue 1,1490.3,11,11,22,0.5,11-11,Montpellier,1538.9,1509,2026-05-21T19:19:50Z,6,FRA
2020,139,Santa Clara,Primeira Liga,1490.1,11,13,24,0.458,11-13,Benfica,1830.1,1538.5,2026-05-21T19:19:50Z,10,POR
2020,140,Genk,Pro League,1487.8,13,11,24,0.542,13-11,Charleroi,1714.6,1471.2,2026-05-21T19:19:50Z,5,BEL
2020,141,Parma,Serie A,1487.3,14,17,31,0.452,14-17,Napoli,1625.2,1510.9,2026-05-21T19:19:50Z,7,ITA
2020,142,Preston,Championship,1486.8,18,16,34,0.529,18-16,Brentford,1706.6,1492.6,2026-05-21T19:19:50Z,12,ENG
2020,143,Sochaux,Ligue 2,1483.1,8,10,18,0.444,8-10,Clermont,1643.3,1521.5,2026-05-21T19:19:50Z,10,FRA
2020,144,Venezia,Serie B,1481.5,12,12,24,0.5,12-12,Spezia,1607.5,1489.6,2026-05-21T19:19:50Z,14,ITA
2020,145,Osasuna,La Liga,1480.7,13,12,25,0.52,13-12,Barcelona,1777.5,1514,2026-05-21T19:19:50Z,13,ESP
2020,146,Freiburg,2. Bundesliga,1480.5,13,12,25,0.52,13-12,RB Leipzig,1759.5,1497.3,2026-05-21T19:19:50Z,9,GER
2020,147,Ath Bilbao,La Liga,1480.3,13,13,26,0.5,13-13,Barcelona,1777.5,1500.5,2026-05-21T19:19:50Z,12,ESP
2020,148,Mirandes,La Liga 2,1480.1,13,12,25,0.52,13-12,Huesca,1593.3,1491.2,2026-05-21T19:19:50Z,17,ESP
2020,149,Nancy,Ligue 2,1479,6,6,12,0.5,6-6,Valenciennes,1576.3,1479.2,2026-05-21T19:19:50Z,16,FRA
2020,150,Nantes,Ligue 1,1478.3,11,13,24,0.458,11-13,Marseille,1706.6,1530.2,2026-05-21T19:19:50Z,4,FRA
2020,151,Reading,Championship,1471.1,15,20,35,0.429,15-20,Fulham,1629.7,1501.1,2026-05-21T19:19:50Z,11,ENG
2020,152,Lugo,La Liga 2,1469.5,12,14,26,0.462,12-14,Vallecano,1603.8,1507.2,2026-05-21T19:19:50Z,16,ESP
2020,153,Cagliari,Serie A,1465.2,11,15,26,0.423,11-15,Atalanta,1802,1524.7,2026-05-21T19:19:50Z,12,ITA
2020,154,Mainz,2. Bundesliga,1456.4,11,19,30,0.367,11-19,Dortmund,1720.1,1521.6,2026-05-21T19:19:50Z,4,GER
2020,155,Virtus Entella,Serie B,1455.4,12,14,26,0.462,12-14,Cosenza,1524.8,1498.5,2026-05-21T19:19:50Z,12,ITA
2020,156,Udinese,Serie A,1454.3,12,17,29,0.414,12-17,Milan,1738.2,1531.6,2026-05-21T19:19:50Z,9,ITA
2020,157,Gil Vicente,Primeira Liga,1453.1,11,13,24,0.458,11-13,Porto,1924.5,1516.7,2026-05-21T19:19:50Z,10,POR
2020,158,Chambly,Ligue 2,1451.7,9,11,20,0.45,9-11,Lorient,1628,1482.9,2026-05-21T19:19:50Z,8,FRA
2020,159,Sparta Rotterdam,Eredivisie,1451.4,9,11,20,0.45,9-11,AZ Alkmaar,1751.6,1484.3,2026-05-21T19:19:50Z,6,NED
2020,160,Bristol City,Championship,1449.7,17,17,34,0.5,17-17,Fulham,1629.7,1496.6,2026-05-21T19:19:50Z,12,ENG
2020,161,QPR,Championship,1447,16,20,36,0.444,16-20,Leeds,1730.6,1511.3,2026-05-21T19:19:50Z,10,ENG
2020,162,Albacete,La Liga 2,1445.5,13,16,29,0.448,13-16,Huesca,1593.3,1505.5,2026-05-21T19:19:50Z,13,ESP
2020,163,Hibernian,Scottish Premiership,1444.1,9,11,20,0.45,9-11,Aberdeen,1558,1497.8,2026-05-21T19:19:50Z,10,SCO
2020,164,Hertha,2. Bundesliga,1442.5,11,15,26,0.423,11-15,Leverkusen,1615.7,1499.1,2026-05-21T19:19:50Z,8,GER
2020,165,Pescara,Serie B,1441,12,17,29,0.414,12-17,Benevento,1774.1,1505,2026-05-21T19:19:50Z,9,ITA
2020,166,Goztep,Süper Lig,1440.5,11,14,25,0.44,11-14,Trabzonspor,1768.5,1524.5,2026-05-21T19:19:50Z,9,TUR
2020,167,Mouscron,Pro League,1440.3,9,11,20,0.45,9-11,Gent,1701.4,1519.7,2026-05-21T19:19:50Z,9,BEL
2020,168,Ponferradina,La Liga 2,1439.5,12,15,27,0.444,12-15,Vallecano,1603.8,1526.1,2026-05-21T19:19:50Z,15,ESP
2020,169,Levante,La Liga,1438.7,14,17,31,0.452,14-17,Real Madrid,1948.1,1503.4,2026-05-21T19:19:50Z,7,ESP
2020,170,Valencia,La Liga,1438.3,14,13,27,0.519,14-13,Barcelona,1777.5,1472.8,2026-05-21T19:19:50Z,11,ESP
2020,171,Rodez,Ligue 2,1436.8,8,12,20,0.4,8-12,Clermont,1643.3,1511.2,2026-05-21T19:19:50Z,8,FRA
2020,172,Middlesbrough,Championship,1435.2,13,19,32,0.406,13-19,West Brom,1722.9,1516.7,2026-05-21T19:19:50Z,14,ENG
2020,173,La Coruna,La Liga 2,1434.4,12,15,27,0.444,12-15,Huesca,1593.3,1502.9,2026-05-21T19:19:50Z,15,ESP
2020,174,FC Emmen,Eredivisie,1428.5,9,12,21,0.429,9-12,Willem II,1598.5,1495.1,2026-05-21T19:19:50Z,5,NED
2020,175,St Johnstone,Scottish Premiership,1426.6,8,9,17,0.471,8-9,Aberdeen,1558,1516,2026-05-21T19:19:50Z,12,SCO
2020,176,Eibar,La Liga,1425.5,11,18,29,0.379,11-18,Ath Madrid,1776.6,1524.7,2026-05-21T19:19:50Z,9,ESP
2020,177,Metz,Ligue 1,1423.8,8,10,18,0.444,8-10,Reims,1572.6,1495.6,2026-05-21T19:19:50Z,10,FRA
2020,178,Numancia,La Liga 2,1423.8,13,18,31,0.419,13-18,Huesca,1593.3,1508.6,2026-05-21T19:19:50Z,11,ESP
2020,179,Chateauroux,Ligue 2,1423.7,9,12,21,0.429,9-12,Ajaccio,1663.2,1542.3,2026-05-21T19:19:50Z,7,FRA
2020,180,Waregem,Pro League,1421.4,10,13,23,0.435,10-13,Charleroi,1714.6,1528.2,2026-05-21T19:19:50Z,6,BEL
2020,181,West Ham,Premier League,1421.3,10,19,29,0.345,10-19,Man United,1702.9,1527.6,2026-05-21T19:19:50Z,9,ENG
2020,182,Ascoli,Serie B,1419.6,13,18,31,0.419,13-18,Spezia,1607.5,1503.6,2026-05-21T19:19:50Z,7,ITA
2020,183,Pacos Ferreira,Primeira Liga,1419.4,11,17,28,0.393,11-17,Sp Braga,1659.1,1514.5,2026-05-21T19:19:50Z,6,POR
2020,184,Everton,Premier League,1419.1,13,15,28,0.464,13-15,Chelsea,1598.6,1486.8,2026-05-21T19:19:50Z,10,ENG
2020,185,Nimes,Ligue 1,1418.4,7,15,22,0.318,7-15,Reims,1572.6,1521.1,2026-05-21T19:19:50Z,6,FRA
2020,186,Union Berlin,2. Bundesliga,1418.2,12,17,29,0.414,12-17,Dortmund,1720.1,1526.7,2026-05-21T19:19:50Z,5,GER
2020,187,Maritimo,Primeira Liga,1418,9,13,22,0.409,9-13,Benfica,1830.1,1487.9,2026-05-21T19:19:50Z,12,POR
2020,188,Newcastle,Premier League,1416.4,11,16,27,0.407,11-16,Man United,1702.9,1527.4,2026-05-21T19:19:50Z,11,ENG
2020,189,Barnsley,Championship,1416,12,21,33,0.364,12-21,Brentford,1706.6,1494.1,2026-05-21T19:19:50Z,13,ENG
2020,190,Sampdoria,Serie A,1416,12,20,32,0.375,12-20,Parma,1487.3,1501.3,2026-05-21T19:19:50Z,6,ITA
2020,191,Boavista,Primeira Liga,1415.9,10,15,25,0.4,10-15,Sp Braga,1659.1,1517.6,2026-05-21T19:19:50Z,9,POR
2020,192,Sheffield Weds,Championship,1414.4,15,20,35,0.429,15-20,Leeds,1730.6,1502.2,2026-05-21T19:19:50Z,11,ENG
2020,193,Kortrijk,Pro League,1412.2,9,14,23,0.391,9-14,Anderlecht,1597.2,1475.2,2026-05-21T19:19:50Z,6,BEL
2020,194,Brighton,Premier League,1407.1,9,15,24,0.375,9-15,Tottenham,1625.5,1525.9,2026-05-21T19:19:50Z,14,ENG
2020,195,Brest,Ligue 1,1403,8,10,18,0.444,8-10,Reims,1572.6,1473.3,2026-05-21T19:19:50Z,10,FRA
2020,196,Perugia,Serie B,1402.4,12,17,29,0.414,12-17,Crotone,1675.1,1504,2026-05-21T19:19:50Z,9,ITA
2020,197,Verona,Serie A,1400.9,12,13,25,0.48,12-13,Juventus,1715.3,1486.6,2026-05-21T19:19:50Z,13,ITA
2020,198,Betis,La Liga,1400.6,10,17,27,0.37,10-17,Real Madrid,1948.1,1528.7,2026-05-21T19:19:50Z,11,ESP
2020,199,Bologna,Serie A,1398.5,12,15,27,0.444,12-15,Inter,1880,1516,2026-05-21T19:19:50Z,11,ITA
2020,200,Huddersfield,Championship,1394.8,13,21,34,0.382,13-21,West Brom,1722.9,1506.4,2026-05-21T19:19:50Z,12,ENG
2020,201,Dijon,Ligue 1,1393.8,7,12,19,0.368,7-12,Paris SG,1941.7,1512.4,2026-05-21T19:19:50Z,9,FRA
2020,202,FC Koln,2. Bundesliga,1393.1,10,18,28,0.357,10-18,Leverkusen,1615.7,1530,2026-05-21T19:19:50Z,6,GER
2020,203,Zwolle,Eredivisie,1392.9,7,14,21,0.333,7-14,Vitesse,1525.5,1543.2,2026-05-21T19:19:50Z,5,NED
2020,204,Luton,Championship,1388.1,14,23,37,0.378,14-23,Brentford,1706.6,1498.5,2026-05-21T19:19:50Z,9,ENG
2020,205,Augsburg,2. Bundesliga,1387.2,9,16,25,0.36,9-16,Hoffenheim,1571.7,1526.4,2026-05-21T19:19:50Z,9,GER
2020,206,Kilmarnock,Scottish Premiership,1381.8,9,15,24,0.375,9-15,Rangers,1839.5,1532.8,2026-05-21T19:19:50Z,6,SCO
2020,207,Juve Stabia,Serie B,1381.5,11,19,30,0.367,11-19,Crotone,1675.1,1503.4,2026-05-21T19:19:50Z,8,ITA
2020,208,Konyaspor,Süper Lig,1381.3,8,14,22,0.364,8-14,Trabzonspor,1768.5,1523.8,2026-05-21T19:19:50Z,12,TUR
2020,209,Twente,Eredivisie,1380.1,7,13,20,0.35,7-13,AZ Alkmaar,1751.6,1521.8,2026-05-21T19:19:50Z,6,NED
2020,210,St Truiden,Pro League,1375.8,9,14,23,0.391,9-14,Charleroi,1714.6,1505.1,2026-05-21T19:19:50Z,6,BEL
2020,211,Kayserispor,Süper Lig,1375.4,8,18,26,0.308,8-18,Besiktas,1628,1532.1,2026-05-21T19:19:50Z,8,TUR
2020,212,Extremadura UD,La Liga 2,1373.5,10,19,29,0.345,10-19,Elche,1551.6,1502.7,2026-05-21T19:19:50Z,13,ESP
2020,213,Genoa,Serie A,1372.4,10,19,29,0.345,10-19,Milan,1738.2,1527.6,2026-05-21T19:19:50Z,9,ITA
2020,214,St Etienne,Ligue 1,1370.5,8,14,22,0.364,8-14,Lyon,1591.4,1540.7,2026-05-21T19:19:50Z,6,FRA
2020,215,Tondela,Primeira Liga,1365.8,9,16,25,0.36,9-16,Sp Braga,1659.1,1523.9,2026-05-21T19:19:50Z,9,POR
2020,216,Valladolid,La Liga,1365.5,9,14,23,0.391,9-14,Eibar,1425.5,1489.9,2026-05-21T19:19:50Z,15,ESP
2020,217,Rizespor,Süper Lig,1365.4,10,19,29,0.345,10-19,Galatasaray,1599.1,1504.2,2026-05-21T19:19:50Z,5,TUR
2020,218,Le Mans,Ligue 2,1362.8,7,16,23,0.304,7-16,Clermont,1643.3,1520.3,2026-05-21T19:19:50Z,5,FRA
2020,219,Denizlispor,Süper Lig,1361.3,9,17,26,0.346,9-17,Trabzonspor,1768.5,1525.8,2026-05-21T19:19:50Z,8,TUR
2020,220,Genclerbirligi,Süper Lig,1360.2,9,16,25,0.36,9-16,Alanyaspor,1636.3,1502.5,2026-05-21T19:19:50Z,9,TUR
2020,221,Crystal Palace,Premier League,1358.6,11,17,28,0.393,11-17,Man United,1702.9,1509.5,2026-05-21T19:19:50Z,10,ENG
2020,222,Paris FC,Ligue 2,1357.1,7,14,21,0.333,7-14,Clermont,1643.3,1527,2026-05-21T19:19:50Z,7,FRA
2020,223,Leganes,La Liga,1356.4,8,18,26,0.308,8-18,Villarreal,1570.9,1515,2026-05-21T19:19:50Z,12,ESP
2020,224,For Sittard,Eredivisie,1353.3,6,12,18,0.333,6-12,Feyenoord,1769.3,1527.2,2026-05-21T19:19:50Z,8,NED
2020,225,Mallorca,La Liga,1352.9,9,23,32,0.281,9-23,Real Madrid,1948.1,1523.9,2026-05-21T19:19:50Z,6,ESP
2020,226,Torino,Serie A,1352.9,11,20,31,0.355,11-20,Atalanta,1802,1530.2,2026-05-21T19:19:50Z,7,ITA
2020,227,St Mirren,Scottish Premiership,1352.4,7,15,22,0.318,7-15,Aberdeen,1558,1546.6,2026-05-21T19:19:50Z,8,SCO
2020,228,Yeni Malatyaspor,Süper Lig,1351,8,18,26,0.308,8-18,Buyuksehyr,1730.4,1520.9,2026-05-21T19:19:50Z,8,TUR
2020,229,Charlton,Championship,1348.2,12,22,34,0.353,12-22,Leeds,1730.6,1495.6,2026-05-21T19:19:50Z,12,ENG
2020,230,Ross County,Scottish Premiership,1347,7,15,22,0.318,7-15,Aberdeen,1558,1589.2,2026-05-21T19:19:50Z,8,SCO
2020,231,Schalke 04,2. Bundesliga,1344.6,9,13,22,0.409,9-13,RB Leipzig,1759.5,1525.2,2026-05-21T19:19:50Z,12,GER
2020,232,Hamilton,Scottish Premiership,1342.1,6,15,21,0.286,6-15,Rangers,1839.5,1584.3,2026-05-21T19:19:50Z,9,SCO
2020,233,Setubal,Primeira Liga,1341.1,7,14,21,0.333,7-14,Sp Braga,1659.1,1522.5,2026-05-21T19:19:50Z,13,POR
2020,234,Watford,Premier League,1340.7,8,20,28,0.286,8-20,Liverpool,1865,1513.2,2026-05-21T19:19:50Z,10,ENG
2020,235,Portimonense,Primeira Liga,1338.6,7,15,22,0.318,7-15,Famalicao,1575.9,1532.6,2026-05-21T19:19:50Z,12,POR
2020,236,Aston Villa,Premier League,1331.8,9,21,30,0.3,9-21,Arsenal,1603.6,1518.1,2026-05-21T19:19:50Z,8,ENG
2020,237,Celta,La Liga,1330.6,7,15,22,0.318,7-15,Sevilla,1748.6,1500,2026-05-21T19:19:50Z,16,ESP
2020,238,Niort,Ligue 2,1330.1,6,14,20,0.3,6-14,Valenciennes,1576.3,1495.2,2026-05-21T19:19:50Z,8,FRA
2020,239,Bournemouth,Premier League,1327,9,22,31,0.29,9-22,Man United,1702.9,1519.8,2026-05-21T19:19:50Z,7,ENG
2020,240,Alaves,La Liga,1325.5,10,19,29,0.345,10-19,Sociedad,1504.4,1516.7,2026-05-21T19:19:50Z,9,ESP
2020,241,Birmingham,Championship,1323.9,12,20,32,0.375,12-20,Brentford,1706.6,1515.5,2026-05-21T19:19:50Z,14,ENG
2020,242,Werder Bremen,2. Bundesliga,1323.5,8,19,27,0.296,8-19,Wolfsburg,1556,1498.7,2026-05-21T19:19:50Z,7,GER
2020,243,Cercle Brugge,Pro League,1319.8,7,20,27,0.259,7-20,Gent,1701.4,1537.2,2026-05-21T19:19:50Z,2,BEL
2020,244,Ankaragucu,Süper Lig,1315.6,7,16,23,0.304,7-16,Galatasaray,1599.1,1517,2026-05-21T19:19:50Z,11,TUR
2020,245,Belenenses,Primeira Liga,1311.8,9,17,26,0.346,9-17,Gil Vicente,1453.1,1493.7,2026-05-21T19:19:50Z,8,POR
2020,246,VVV Venlo,Eredivisie,1308.8,8,14,22,0.364,8-14,Utrecht,1617.2,1492.5,2026-05-21T19:19:50Z,4,NED
2020,247,Eupen,Pro League,1307.4,8,15,23,0.348,8-15,Genk,1487.8,1470.4,2026-05-21T19:19:50Z,6,BEL
2020,248,Hull,Championship,1303.1,12,25,37,0.324,12-25,Fulham,1629.7,1508.6,2026-05-21T19:19:50Z,9,ENG
2020,249,Lecce,Serie A,1289.3,9,21,30,0.3,9-21,Lazio,1704.9,1495.3,2026-05-21T19:19:50Z,8,ITA
2020,250,Fortuna Dusseldorf,2. Bundesliga,1284.9,6,16,22,0.273,6-16,Freiburg,1480.5,1533.3,2026-05-21T19:19:50Z,12,GER
2020,251,Hearts,Scottish Premiership,1284.7,4,15,19,0.211,4-15,Rangers,1839.5,1557.7,2026-05-21T19:19:50Z,11,SCO
2020,252,Santander,La Liga 2,1282.5,5,19,24,0.208,5-19,Huesca,1593.3,1515.8,2026-05-21T19:19:50Z,18,ESP
2020,253,Orleans,Ligue 2,1248.9,4,17,21,0.19,4-17,Le Havre,1624.4,1526.2,2026-05-21T19:19:50Z,7,FRA
2020,254,Den Haag,Eredivisie,1242.1,4,15,19,0.211,4-15,Vitesse,1525.5,1541.2,2026-05-21T19:19:50Z,7,NED
2020,255,Amiens,Ligue 1,1233.2,4,13,17,0.235,4-13,Marseille,1706.6,1517.6,2026-05-21T19:19:50Z,11,FRA
2020,256,Oostende,Pro League,1209.9,6,19,25,0.24,6-19,Gent,1701.4,1533.3,2026-05-21T19:19:50Z,4,BEL
2020,257,Waasland-Beveren,Pro League,1205.7,5,19,24,0.208,5-19,Standard,1562.6,1535.3,2026-05-21T19:19:50Z,5,BEL
2020,258,Waalwijk,Eredivisie,1193.3,4,19,23,0.174,4-19,Utrecht,1617.2,1522.8,2026-05-21T19:19:50Z,3,NED
2020,259,Brescia,Serie A,1172.7,6,25,31,0.194,6-25,Cagliari,1465.2,1529.7,2026-05-21T19:19:50Z,7,ITA
2020,260,Espanol,La Liga,1162.4,5,23,28,0.179,5-23,Villarreal,1570.9,1513.5,2026-05-21T19:19:50Z,10,ESP
2020,261,Livorno,Serie B,1157.7,5,27,32,0.156,5-27,Chievo,1596.9,1520.1,2026-05-21T19:19:50Z,6,ITA
2020,262,Aves,Primeira Liga,1145.5,5,27,32,0.156,5-27,Sp Braga,1659.1,1506.5,2026-05-21T19:19:50Z,2,POR
2020,263,Paderborn,2. Bundesliga,1144.6,4,22,26,0.154,4-22,Ein Frankfurt,1513.9,1525.7,2026-05-21T19:19:50Z,8,GER
2020,264,Norwich,Premier League,1128.6,5,27,32,0.156,5-27,Man City,1790,1526.7,2026-05-21T19:19:50Z,6,ENG
2020,265,Toulouse,Ligue 1,1118.9,3,21,24,0.125,3-21,Lille,1620.9,1544.4,2026-05-21T19:19:50Z,4,FRA
2020,266,Spal,Serie A,1080.9,5,28,33,0.152,5-28,Atalanta,1802,1524.1,2026-05-21T19:19:50Z,5,ITA
