date,home,away,winner,loser,winner_pts,loser_pts
2026-09-09,SEA,NE,SEA,NE,13,10
2026-09-10,LA,SF,SF,LA,27,7
2026-09-13,CAR,CHI,CHI,CAR,59,37
2026-09-13,CIN,TB,CIN,TB,33,27
2026-09-13,DET,NO,DET,NO,31,30
2026-09-13,HOU,BUF,BUF,HOU,36,31
2026-09-13,IND,BAL,BAL,IND,41,23
2026-09-13,JAX,CLE,JAX,CLE,34,10
2026-09-13,PIT,ATL,PIT,ATL,20,13
2026-09-13,TEN,NYJ,NYJ,TEN,23,10
2026-09-13,LAC,ARI,ARI,LAC,26,14
2026-09-13,LV,MIA,LV,MIA,27,13
2026-09-13,MIN,GB,MIN,GB,39,22
2026-09-13,PHI,WAS,PHI,WAS,24,22
2026-09-13,NYG,DAL,NYG,DAL,28,20
2026-09-14,KC,DEN,KC,DEN,31,10
2026-09-17,BUF,DET,BUF,DET,41,31
2026-09-20,ATL,CAR,CAR,ATL,34,3
2026-09-20,BAL,NO,NO,BAL,24,17
2026-09-20,CHI,MIN,MIN,CHI,9,3
2026-09-20,HOU,CIN,CIN,HOU,20,6
2026-09-20,NE,PIT,NE,PIT,20,3
2026-09-20,NYJ,GB,GB,NYJ,20,17
2026-09-20,TB,CLE,CLE,TB,23,19
2026-09-20,TEN,PHI,PHI,TEN,24,20
2026-09-20,DEN,JAX,DEN,JAX,20,13
2026-09-20,LAC,LV,LV,LAC,26,14
2026-09-20,ARI,SEA,SEA,ARI,31,7
2026-09-20,DAL,WAS,DAL,WAS,37,20
2026-09-20,SF,MIA,SF,MIA,35,13
2026-09-20,KC,IND,KC,IND,33,30
2026-09-21,LA,NYG,LA,NYG,28,6
2026-09-24,GB,ATL,ATL,GB,35,14
2026-09-27,BUF,LAC,BUF,LAC,24,16
2026-09-27,CLE,CAR,CLE,CAR,21,18
2026-09-27,DET,NYJ,DET,NYJ,31,24
2026-09-27,IND,HOU,IND,HOU,19,17
2026-09-27,JAX,NE,JAX,NE,35,6
2026-09-27,MIA,KC,KC,MIA,24,10
2026-09-27,NYG,TEN,NYG,TEN,12,7
2026-09-27,PIT,CIN,PIT,CIN,30,27
2026-09-27,WAS,SEA,WAS,SEA,33,31
2026-09-27,SF,ARI,SF,ARI,36,30
2026-09-27,TB,MIN,MIN,TB,23,16
2026-09-27,DAL,BAL,BAL,DAL,34,31
2026-09-27,NO,LV,LV,NO,35,27
2026-09-27,DEN,LA,DEN,LA,30,26
2026-09-28,CHI,PHI,CHI,PHI,27,7
