season,rank,team,conference,elo,wins,losses,games_played,win_pct,record,best_win_team,best_win_elo,sos,conf_champ,updated_at,resume_score,pr
2025,1,Indiana,Big Ten,1959.9,16,0,16,1,16-0,Oregon,1827.5,1610.7,NA,2026-06-04T05:40:43Z,4171.4,2024.5
2025,2,Oregon,Big Ten,1827.5,13,2,15,0.867,13-2,Texas Tech,1815.2,1621.1,NA,2026-06-04T05:40:43Z,2846.8,1730.9
2025,3,Miami,ACC,1816.7,13,3,16,0.812,13-3,Ohio State,1799.8,1624.4,NA,2026-06-04T05:40:43Z,3110.1,1659.1
2025,4,Texas Tech,Big 12,1815.2,12,2,14,0.857,12-2,Utah,1755.4,1563.3,NA,2026-06-04T05:40:43Z,2285.1,1702.5
2025,5,Ohio State,Big Ten,1799.8,12,2,14,0.857,12-2,Texas,1686.6,1592.9,NA,2026-06-04T05:40:43Z,2323.5,1688.8
2025,6,Notre Dame,Independent,1799.4,10,2,12,0.833,10-2,USC,1665.1,1556.7,NA,2026-06-04T05:40:43Z,1662.8,1653.3
2025,7,Georgia,SEC,1793,12,2,14,0.857,12-2,Ole Miss,1788.9,1584,NA,2026-06-04T05:40:43Z,2485.1,1684.3
2025,8,Ole Miss,SEC,1788.9,13,2,15,0.867,13-2,Georgia,1793,1581.4,NA,2026-06-04T05:40:43Z,2561.7,1692.7
2025,9,N Dakota St,FCS,1786.3,12,1,13,0.923,12-1,S Dakota St,1513.5,1476.2,NA,2026-06-04T05:40:43Z,1517.2,1741.4
2025,10,Utah,Big 12,1755.4,11,2,13,0.846,11-2,Kansas St,1575.4,1529.6,NA,2026-06-04T05:40:43Z,1471.7,1626.2
2025,11,James Madison,Sun Belt,1753.4,12,2,14,0.857,12-2,Old Dominion,1665.1,1524.6,NA,2026-06-04T05:40:43Z,1648.2,1638.9
2025,12,BYU,Big 12,1748.4,12,2,14,0.857,12-2,Utah,1755.4,1591,NA,2026-06-04T05:40:43Z,2443,1643.2
2025,13,North Texas,AAC,1731.2,12,2,14,0.857,12-2,Navy,1660.5,1533.2,NA,2026-06-04T05:40:43Z,1945.5,1622.2
2025,14,Alabama,SEC,1702.1,11,4,15,0.733,11-4,Georgia,1793,1608.9,NA,2026-06-04T05:40:43Z,2352.8,1461.2
2025,15,Texas A&M,SEC,1701,11,2,13,0.846,11-2,Notre Dame,1799.4,1568,NA,2026-06-04T05:40:43Z,2031.3,1583.7
2025,16,SMU,ACC,1700.8,9,4,13,0.692,9-4,Miami,1816.7,1544.2,NA,2026-06-04T05:40:43Z,1734.7,1405.3
2025,17,Texas,SEC,1686.6,10,3,13,0.769,10-3,Texas A&M,1701,1552.7,NA,2026-06-04T05:40:43Z,1647.9,1481.3
2025,18,Vanderbilt,SEC,1681.3,10,3,13,0.769,10-3,Tennessee,1594,1540.8,NA,2026-06-04T05:40:43Z,1463.5,1474.4
2025,19,Virginia,ACC,1680.3,11,3,14,0.786,11-3,Louisville,1668.9,1533.4,NA,2026-06-04T05:40:43Z,1780,1496.4
2025,20,Iowa,Big Ten,1677.7,9,4,13,0.692,9-4,Vanderbilt,1681.3,1589.4,NA,2026-06-04T05:40:43Z,1454.5,1383.3
2025,21,Oklahoma,SEC,1674.2,10,3,13,0.769,10-3,Alabama,1702.1,1582.6,NA,2026-06-04T05:40:43Z,1896,1473.6
2025,22,Louisville,ACC,1668.9,9,4,13,0.692,9-4,Miami,1816.7,1564,NA,2026-06-04T05:40:43Z,1753.3,1380
2025,23,Old Dominion,Sun Belt,1665.1,10,3,13,0.769,10-3,South Florida,1660.9,1518.4,NA,2026-06-04T05:40:43Z,1040.3,1454.6
2025,24,USC,Big Ten,1665.1,9,4,13,0.692,9-4,Iowa,1677.7,1572.3,NA,2026-06-04T05:40:43Z,1412.3,1372.7
2025,25,South Florida,AAC,1660.9,9,4,13,0.692,9-4,North Texas,1731.2,1552.1,NA,2026-06-04T05:40:43Z,1334.8,1368.2
2025,26,Navy,AAC,1660.5,10,2,12,0.833,10-2,South Florida,1660.9,1522,NA,2026-06-04T05:40:43Z,1232.9,1523.2
2025,27,Tulane,AAC,1658.4,11,3,14,0.786,11-3,North Texas,1731.2,1561.1,NA,2026-06-04T05:40:43Z,1841,1478.2
2025,28,Arizona,Big 12,1653.9,9,4,13,0.692,9-4,Hawai'i,1593.3,1547.9,NA,2026-06-04T05:40:43Z,1299.4,1362.1
2025,29,W Michigan,MAC,1643.8,10,4,14,0.714,10-4,Toledo,1631.2,1508.6,NA,2026-06-04T05:40:43Z,1361.1,1379.9
2025,30,TCU,Big 12,1633.9,9,4,13,0.692,9-4,SMU,1700.8,1556,NA,2026-06-04T05:40:43Z,1575.1,1349.7
2025,31,Toledo,MAC,1631.2,8,5,13,0.615,8-5,Western KY,1560.6,1482.9,NA,2026-06-04T05:40:43Z,814.5,1247.1
2025,32,Duke,ACC,1631,9,5,14,0.643,9-5,Virginia,1680.3,1566,NA,2026-06-04T05:40:43Z,1642.1,1291.9
2025,33,Penn State,Big Ten,1630.7,7,6,13,0.538,7-6,Clemson,1580.2,1585.8,NA,2026-06-04T05:40:43Z,955.1,1155.1
2025,34,Washington,Big Ten,1628.7,8,4,12,0.667,8-4,Illinois,1616.9,1542.2,NA,2026-06-04T05:40:43Z,1004.6,1309.1
2025,35,East Carolina,AAC,1625.7,9,4,13,0.692,9-4,Pitt,1605.5,1527.6,NA,2026-06-04T05:40:43Z,1107.3,1336.8
2025,36,Michigan,Big Ten,1624.1,9,4,13,0.692,9-4,Washington,1628.7,1562.2,NA,2026-06-04T05:40:43Z,1332.8,1338.7
2025,37,Houston,Big 12,1618.7,10,3,13,0.769,10-3,Arizona,1653.9,1513.8,NA,2026-06-04T05:40:43Z,1276.1,1418.4
2025,38,San Diego St,Mountain West,1618.4,9,4,13,0.692,9-4,Fresno St,1612.9,1503.6,NA,2026-06-04T05:40:43Z,944.8,1328.4
2025,39,Illinois,Big Ten,1616.9,9,4,13,0.692,9-4,USC,1665.1,1589.3,NA,2026-06-04T05:40:43Z,1673.1,1337.3
2025,40,Fresno St,Mountain West,1612.9,9,3,12,0.75,9-3,Boise St,1612.8,1480.2,NA,2026-06-04T05:40:43Z,1105.5,1390.5
2025,41,Boise St,Mountain West,1612.8,9,4,13,0.692,9-4,New Mexico,1598.3,1537.2,NA,2026-06-04T05:40:43Z,1142.3,1326.9
2025,42,NC State,ACC,1607.2,8,5,13,0.615,8-5,Virginia,1680.3,1589.3,NA,2026-06-04T05:40:43Z,1586.9,1240.4
2025,43,Pitt,ACC,1605.5,8,5,13,0.615,8-5,NC State,1607.2,1555.1,NA,2026-06-04T05:40:43Z,1051.3,1231.7
2025,44,Iowa State,Big 12,1604.9,7,4,11,0.636,7-4,Iowa,1677.7,1549.8,NA,2026-06-04T05:40:43Z,1313.5,1259.5
2025,45,Ohio,MAC,1600.7,9,4,13,0.692,9-4,UNLV,1565.8,1476.1,NA,2026-06-04T05:40:43Z,797.4,1311.7
2025,46,Wake Forest,ACC,1599,9,4,13,0.692,9-4,SMU,1700.8,1534.4,NA,2026-06-04T05:40:43Z,1466,1320.4
2025,47,New Mexico,Mountain West,1598.3,9,4,13,0.692,9-4,San Diego St,1618.4,1488.7,NA,2026-06-04T05:40:43Z,1040.4,1313.8
2025,48,Kennesaw St,C-USA,1598,10,4,14,0.714,10-4,Jax State,1562.7,1525.8,NA,2026-06-04T05:40:43Z,1102.5,1338.8
2025,49,Tennessee,SEC,1594,8,5,13,0.615,8-5,Mississippi St,1491.5,1539.2,NA,2026-06-04T05:40:43Z,741.5,1218
2025,50,Hawai'i,Mountain West,1593.3,8,4,12,0.667,8-4,San Diego St,1618.4,1482.2,NA,2026-06-04T05:40:43Z,805,1278
2025,51,Washington St,Pac-12,1591.6,7,6,13,0.538,7-6,Toledo,1631.2,1575.8,NA,2026-06-04T05:40:43Z,1086.6,1130.2
2025,52,Georgia Tech,ACC,1589.3,9,4,13,0.692,9-4,Duke,1631,1545.1,NA,2026-06-04T05:40:43Z,1182.3,1308.7
2025,53,UConn,Independent,1587.5,9,4,13,0.692,9-4,Duke,1631,1458.9,NA,2026-06-04T05:40:43Z,973.4,1304
2025,54,UTSA,C-USA,1587.1,7,6,13,0.538,7-6,Tulane,1658.4,1543.4,NA,2026-06-04T05:40:43Z,948.6,1124.9
2025,55,Missouri,SEC,1582.9,8,5,13,0.615,8-5,Auburn,1515.9,1547.1,NA,2026-06-04T05:40:43Z,873,1212
2025,56,Texas St,Sun Belt,1581.4,7,6,13,0.538,7-6,UTSA,1587.1,1494.1,NA,2026-06-04T05:40:43Z,678.5,1116.3
2025,57,Clemson,ACC,1580.2,7,6,13,0.538,7-6,Louisville,1668.9,1533,NA,2026-06-04T05:40:43Z,972.3,1120.6
2025,58,Kansas St,Big 12,1575.4,6,5,11,0.545,6-5,TCU,1633.9,1557,NA,2026-06-04T05:40:43Z,768.2,1122.2
2025,59,Arizona St,Big 12,1574,8,5,13,0.615,8-5,Texas Tech,1815.2,1586.3,NA,2026-06-04T05:40:43Z,1671.1,1216.7
2025,60,UNLV,Mountain West,1565.8,9,4,13,0.692,9-4,Hawai'i,1593.3,1493,NA,2026-06-04T05:40:43Z,857.7,1284.7
2025,61,Jax State,C-USA,1562.7,9,5,14,0.643,9-5,Kennesaw St,1598,1473.3,NA,2026-06-04T05:40:43Z,950.6,1229.8
2025,62,Army,AAC,1561.3,7,5,12,0.583,7-5,UConn,1587.5,1527,NA,2026-06-04T05:40:43Z,947.3,1160.3
2025,63,Western KY,C-USA,1560.6,8,4,12,0.667,8-4,Louisiana Tech,1559.9,1490.1,NA,2026-06-04T05:40:43Z,835.7,1252.9
2025,64,Louisiana Tech,FCS,1559.9,8,5,13,0.615,8-5,Missouri St,1480.2,1471.7,NA,2026-06-04T05:40:43Z,567.1,1189.1
2025,65,Sacramento St,FCS,1559.1,7,5,12,0.583,7-5,N Colorado,1476.4,1468.5,NA,2026-06-04T05:40:43Z,745.7,1155.2
2025,66,LSU,SEC,1554.4,7,6,13,0.538,7-6,Clemson,1580.2,1593.1,NA,2026-06-04T05:40:43Z,1094.2,1104.7
2025,67,Minnesota,Big Ten,1552.3,8,5,13,0.615,8-5,New Mexico,1598.3,1543.6,NA,2026-06-04T05:40:43Z,945.3,1190.3
2025,68,Memphis,AAC,1550,8,5,13,0.615,8-5,South Florida,1660.9,1508.5,NA,2026-06-04T05:40:43Z,846.6,1187
2025,69,Cincinnati,Big 12,1533.5,7,6,13,0.538,7-6,Iowa State,1604.9,1550.1,NA,2026-06-04T05:40:43Z,748.6,1084.6
2025,70,Northwestern,Big Ten,1532.7,7,6,13,0.538,7-6,Penn State,1630.7,1552.3,NA,2026-06-04T05:40:43Z,819.7,1085.3
2025,71,Miami OH,MAC,1527.7,7,7,14,0.5,7-7,W Michigan,1643.8,1504,NA,2026-06-04T05:40:43Z,686.5,1034.1
2025,72,Montana,FCS,1523.7,1,0,1,1,1-0,Sacramento St,1559.1,1559.1,NA,2026-06-04T05:40:43Z,209.1,1538.2
2025,73,Nebraska,Big Ten,1517.8,7,6,13,0.538,7-6,Cincinnati,1533.5,1552.8,NA,2026-06-04T05:40:43Z,830.6,1075.2
2025,74,Auburn,SEC,1515.9,5,7,12,0.417,5-7,Baylor,1473.3,1565.9,NA,2026-06-04T05:40:43Z,417.1,917.3
2025,75,S Dakota St,FCS,1513.5,1,1,2,0.5,1-1,Sacramento St,1559.1,1672.7,NA,2026-06-04T05:40:43Z,209.1,1013
2025,76,Tarleton St,FCS,1512.5,1,0,1,1,1-0,Army,1561.3,1561.3,NA,2026-06-04T05:40:43Z,211.3,1527
2025,77,Arkansas St,Sun Belt,1504.9,7,6,13,0.538,7-6,Texas St,1581.4,1481.8,NA,2026-06-04T05:40:43Z,870.8,1067
2025,78,Florida St,ACC,1503.4,5,7,12,0.417,5-7,Alabama,1702.1,1567.5,NA,2026-06-04T05:40:43Z,852.7,918.7
2025,79,GA Southern,Sun Belt,1502.7,7,6,13,0.538,7-6,Jax State,1562.7,1518.3,NA,2026-06-04T05:40:43Z,614.3,1060.7
2025,80,Utah State,Mountain West,1501.8,6,7,13,0.462,6-7,Fresno St,1612.9,1536,NA,2026-06-04T05:40:43Z,531.5,968
2025,81,Troy,Sun Belt,1501.6,8,6,14,0.571,8-6,Texas St,1581.4,1513.1,NA,2026-06-04T05:40:43Z,767.6,1100.5
2025,82,FIU,AAC,1497.4,7,6,13,0.538,7-6,Jax State,1562.7,1502.1,NA,2026-06-04T05:40:43Z,725.7,1059.2
2025,83,Austin Peay,FCS,1496,1,1,2,0.5,1-1,MTSU,1368.1,1580.6,NA,2026-06-04T05:40:43Z,18.1,991.2
2025,84,Cal Poly,FCS,1495.4,1,1,2,0.5,1-1,Sacramento St,1559.1,1657.2,NA,2026-06-04T05:40:43Z,209.1,1001.1
2025,85,South Carolina,SEC,1493.2,4,8,12,0.333,4-8,Kentucky,1488.8,1589.2,NA,2026-06-04T05:40:43Z,405,792.1
2025,86,Holy Cross,FCS,1492,0,1,1,0,0-1,NA,NA,1287,NA,2026-06-04T05:40:43Z,NA,NA
2025,87,Mississippi St,SEC,1491.5,5,8,13,0.385,5-8,Arizona St,1574,1572.7,NA,2026-06-04T05:40:43Z,537.3,864.4
2025,88,Delaware,C-USA,1491.4,7,6,13,0.538,7-6,UConn,1587.5,1478.2,NA,2026-06-04T05:40:43Z,867.7,1057.6
2025,89,St Thomas (MN),FCS,1490.7,0,1,1,0,0-1,NA,NA,1786.3,NA,2026-06-04T05:40:43Z,NA,NA
2025,90,Kentucky,SEC,1488.8,5,7,12,0.417,5-7,Toledo,1631.2,1603.3,NA,2026-06-04T05:40:43Z,783.9,908.9
2025,91,UC Davis,FCS,1488.1,1,1,2,0.5,1-1,Sacramento St,1559.1,1593.9,NA,2026-06-04T05:40:43Z,209.1,996.2
2025,92,UCF,Big 12,1486.2,5,7,12,0.417,5-7,Jax State,1562.7,1540,NA,2026-06-04T05:40:43Z,505.4,901.8
2025,93,E Illinois,FCS,1486,0,1,1,0,0-1,NA,NA,1702.1,NA,2026-06-04T05:40:43Z,NA,NA
2025,94,North Dakota,FCS,1485.5,0,2,2,0,0-2,NA,NA,1680.8,NA,2026-06-04T05:40:43Z,NA,NA
2025,95,Marshall,Sun Belt,1485.4,5,7,12,0.417,5-7,Old Dominion,1665.1,1520.7,NA,2026-06-04T05:40:43Z,670.6,904.8
2025,96,New Hampshire,FCS,1484.9,0,1,1,0,0-1,NA,NA,1400.8,NA,2026-06-04T05:40:43Z,NA,NA
2025,97,California,ACC,1484,7,6,13,0.538,7-6,SMU,1700.8,1533,NA,2026-06-04T05:40:43Z,1093.1,1056.1
2025,98,Monmouth,FCS,1483.4,0,1,1,0,0-1,NA,NA,1371.3,NA,2026-06-04T05:40:43Z,NA,NA
2025,99,Alabama St,FCS,1482.9,0,1,1,0,0-1,NA,NA,1412.2,NA,2026-06-04T05:40:43Z,NA,NA
2025,100,Long Island,FCS,1482.7,1,1,2,0.5,1-1,E Michigan,1435.2,1455.2,NA,2026-06-04T05:40:43Z,85.2,987.4
2025,101,Towson,FCS,1481.3,0,1,1,0,0-1,NA,NA,1462.2,NA,2026-06-04T05:40:43Z,NA,NA
2025,102,Bryant,FCS,1480.8,1,1,2,0.5,1-1,UMass,1372.1,1378.3,NA,2026-06-04T05:40:43Z,22.1,981.7
2025,103,Idaho St,FCS,1480.2,0,1,1,0,0-1,NA,NA,1598.3,NA,2026-06-04T05:40:43Z,NA,NA
2025,104,Missouri St,C-USA,1480.2,7,6,13,0.538,7-6,FIU,1497.4,1502.2,NA,2026-06-04T05:40:43Z,496.9,1042.7
2025,105,Villanova,FCS,1479.9,0,1,1,0,0-1,NA,NA,1630.7,NA,2026-06-04T05:40:43Z,NA,NA
2025,106,C Michigan,MAC,1479.2,7,6,13,0.538,7-6,Wagner,1445.9,1482.6,NA,2026-06-04T05:40:43Z,389.1,1039.5
2025,107,Delaware St,FCS,1479.2,0,1,1,0,0-1,NA,NA,1491.4,NA,2026-06-04T05:40:43Z,NA,NA
2025,108,N Arizona,FCS,1478.9,0,1,1,0,0-1,NA,NA,1574,NA,2026-06-04T05:40:43Z,NA,NA
2025,109,Hou Christian,FCS,1478.4,0,1,1,0,0-1,NA,NA,1517.8,NA,2026-06-04T05:40:43Z,NA,NA
2025,110,Norfolk St,FCS,1478.4,0,1,1,0,0-1,NA,NA,1477.9,NA,2026-06-04T05:40:43Z,NA,NA
2025,111,Youngstown St,FCS,1478.3,0,2,2,0,0-2,NA,NA,1616.1,NA,2026-06-04T05:40:43Z,NA,NA
2025,112,Furman,FCS,1478.2,0,1,1,0,0-1,NA,NA,1580.2,NA,2026-06-04T05:40:43Z,NA,NA
2025,113,Rutgers,Big Ten,1477.9,5,7,12,0.417,5-7,Ohio,1600.7,1597.6,NA,2026-06-04T05:40:43Z,687.2,900.6
2025,114,Southern,FCS,1477.9,0,1,1,0,0-1,NA,NA,1612.9,NA,2026-06-04T05:40:43Z,NA,NA
2025,115,Texas Southern,FCS,1477.5,0,1,1,0,0-1,NA,NA,1484,NA,2026-06-04T05:40:43Z,NA,NA
2025,116,Prairie View,FCS,1477,0,1,1,0,0-1,NA,NA,1388.9,NA,2026-06-04T05:40:43Z,NA,NA
2025,117,Alcorn St,FCS,1476.9,0,1,1,0,0-1,NA,NA,1491.5,NA,2026-06-04T05:40:43Z,NA,NA
2025,118,Jackson St,FCS,1476.7,0,1,1,0,0-1,NA,NA,1472.6,NA,2026-06-04T05:40:43Z,NA,NA
2025,119,SF Austin,FCS,1476.7,0,1,1,0,0-1,NA,NA,1618.7,NA,2026-06-04T05:40:43Z,NA,NA
2025,120,UAlbany,FCS,1476.7,0,1,1,0,0-1,NA,NA,1677.7,NA,2026-06-04T05:40:43Z,NA,NA
2025,121,Elon,FCS,1476.5,0,1,1,0,0-1,NA,NA,1631,NA,2026-06-04T05:40:43Z,NA,NA
2025,122,W Carolina,FCS,1476.5,0,1,1,0,0-1,NA,NA,1599,NA,2026-06-04T05:40:43Z,NA,NA
2025,123,N Colorado,FCS,1476.4,0,2,2,0,0-2,NA,NA,1472.9,NA,2026-06-04T05:40:43Z,NA,NA
2025,124,Tennessee Tech,FCS,1476.3,0,1,1,0,0-1,NA,NA,1488.8,NA,2026-06-04T05:40:43Z,NA,NA
2025,125,Tennessee St,FCS,1476,0,1,1,0,0-1,NA,NA,1786.3,NA,2026-06-04T05:40:43Z,NA,NA
2025,126,Louisiana,Sun Belt,1475.6,6,7,13,0.462,6-7,Texas St,1581.4,1495.3,NA,2026-06-04T05:40:43Z,713.1,955.1
2025,127,William & Mary,FCS,1475.5,0,1,1,0,0-1,NA,NA,1680.3,NA,2026-06-04T05:40:43Z,NA,NA
2025,128,Florida,SEC,1475.3,4,8,12,0.333,4-8,Texas,1686.6,1630.2,NA,2026-06-04T05:40:43Z,764.2,790.3
2025,129,Chattanooga,FCS,1475.1,0,1,1,0,0-1,NA,NA,1550,NA,2026-06-04T05:40:43Z,NA,NA
2025,130,Bucknell,FCS,1474.9,0,1,1,0,0-1,NA,NA,1433.9,NA,2026-06-04T05:40:43Z,NA,NA
2025,131,Colgate,FCS,1474.9,0,1,1,0,0-1,NA,NA,1400.9,NA,2026-06-04T05:40:43Z,NA,NA
2025,132,Grambling,FCS,1474.6,0,1,1,0,0-1,NA,NA,1799.8,NA,2026-06-04T05:40:43Z,NA,NA
2025,133,NC A&T,FCS,1474.5,0,1,1,0,0-1,NA,NA,1486.2,NA,2026-06-04T05:40:43Z,NA,NA
2025,134,ETSU,FCS,1474.4,0,1,1,0,0-1,NA,NA,1594,NA,2026-06-04T05:40:43Z,NA,NA
2025,135,Illinois St,FCS,1473.9,1,2,3,0.333,1-2,N Dakota St,1786.3,1748.9,NA,2026-06-04T05:40:43Z,436.3,782.9
2025,136,Robert Morris,FCS,1473.9,0,1,1,0,0-1,NA,NA,1454.8,NA,2026-06-04T05:40:43Z,NA,NA
2025,137,Stony Brook,FCS,1473.9,0,1,1,0,0-1,NA,NA,1618.4,NA,2026-06-04T05:40:43Z,NA,NA
2025,138,Howard,FCS,1473.6,0,1,1,0,0-1,NA,NA,1429.9,NA,2026-06-04T05:40:43Z,NA,NA
2025,139,Alabama A&M,FCS,1473.5,0,1,1,0,0-1,NA,NA,1413.8,NA,2026-06-04T05:40:43Z,NA,NA
2025,140,Mercyhurst,FCS,1473.5,0,1,1,0,0-1,NA,NA,1559.1,NA,2026-06-04T05:40:43Z,NA,NA
2025,141,VMI,FCS,1473.5,0,1,1,0,0-1,NA,NA,1660.5,NA,2026-06-04T05:40:43Z,NA,NA
2025,142,Baylor,Big 12,1473.3,5,7,12,0.417,5-7,SMU,1700.8,1573.9,NA,2026-06-04T05:40:43Z,851.8,900.9
2025,143,C Connecticut,FCS,1473.3,0,1,1,0,0-1,NA,NA,1587.5,NA,2026-06-04T05:40:43Z,NA,NA
2025,144,Montana St,FCS,1473.3,0,1,1,0,0-1,NA,NA,1827.5,NA,2026-06-04T05:40:43Z,NA,NA
2025,145,Richmond,FCS,1473.1,0,1,1,0,0-1,NA,NA,1390,NA,2026-06-04T05:40:43Z,NA,NA
2025,146,North Alabama,FCS,1472.9,0,1,1,0,0-1,NA,NA,1560.6,NA,2026-06-04T05:40:43Z,NA,NA
2025,147,Lamar,FCS,1472.7,0,1,1,0,0-1,NA,NA,1731.2,NA,2026-06-04T05:40:43Z,NA,NA
2025,148,Southern Miss,Sun Belt,1472.6,7,6,13,0.538,7-6,Jax State,1562.7,1491.3,NA,2026-06-04T05:40:43Z,833.5,1044.1
2025,149,Fordham,FCS,1472.1,0,1,1,0,0-1,NA,NA,1387,NA,2026-06-04T05:40:43Z,NA,NA
2025,150,Northern Iowa,FCS,1472.1,0,2,2,0,0-2,NA,NA,1590.8,NA,2026-06-04T05:40:43Z,NA,NA
2025,151,Idaho,FCS,1472,0,3,3,0,0-3,NA,NA,1508,NA,2026-06-04T05:40:43Z,NA,NA
2025,152,AR-Pine Bluff,FCS,1471.7,0,1,1,0,0-1,NA,NA,1815.2,NA,2026-06-04T05:40:43Z,NA,NA
2025,153,Mercer,FCS,1471.4,0,1,1,0,0-1,NA,NA,1515.9,NA,2026-06-04T05:40:43Z,NA,NA
2025,154,Florida A&M,FCS,1470.7,0,1,1,0,0-1,NA,NA,1450.7,NA,2026-06-04T05:40:43Z,NA,NA
2025,155,S Illinois,FCS,1470.5,0,2,2,0,0-2,NA,NA,1577.2,NA,2026-06-04T05:40:43Z,NA,NA
2025,156,Indiana St,FCS,1470.3,0,2,2,0,0-2,NA,NA,1873.1,NA,2026-06-04T05:40:43Z,NA,NA
2025,157,Incarnate Word,FCS,1470.2,0,1,1,0,0-1,NA,NA,1587.1,NA,2026-06-04T05:40:43Z,NA,NA
2025,158,Wofford,FCS,1469.3,0,1,1,0,0-1,NA,NA,1420.9,NA,2026-06-04T05:40:43Z,NA,NA
2025,159,NC Central,FCS,1468.6,0,1,1,0,0-1,NA,NA,1665.1,NA,2026-06-04T05:40:43Z,NA,NA
2025,160,Merrimack,FCS,1466.2,0,2,2,0,0-2,NA,NA,1511.8,NA,2026-06-04T05:40:43Z,NA,NA
2025,161,Rhode Island,FCS,1466.2,0,1,1,0,0-1,NA,NA,1643.8,NA,2026-06-04T05:40:43Z,NA,NA
2025,162,Samford,FCS,1466,0,2,2,0,0-2,NA,NA,1587.2,NA,2026-06-04T05:40:43Z,NA,NA
2025,163,SE Missouri,FCS,1464.3,0,2,2,0,0-2,NA,NA,1645.6,NA,2026-06-04T05:40:43Z,NA,NA
2025,164,The Citadel,FCS,1462.9,0,2,2,0,0-2,NA,NA,1787.6,NA,2026-06-04T05:40:43Z,NA,NA
2025,165,Maryland,Big Ten,1462.2,4,8,12,0.333,4-8,Towson,1481.3,1529.4,NA,2026-06-04T05:40:43Z,331.8,774.1
2025,166,SE Louisiana,FCS,1461.2,0,2,2,0,0-2,NA,NA,1557.2,NA,2026-06-04T05:40:43Z,NA,NA
2025,167,Kansas,Big 12,1460.5,4,7,11,0.364,4-7,UCF,1486.2,1571,NA,2026-06-04T05:40:43Z,360.3,815.4
2025,168,Abilene Chrstn,FCS,1460.2,0,2,2,0,0-2,NA,NA,1516.7,NA,2026-06-04T05:40:43Z,NA,NA
2025,169,South Dakota,FCS,1459.2,0,2,2,0,0-2,NA,NA,1695.6,NA,2026-06-04T05:40:43Z,NA,NA
2025,170,Nicholls,FCS,1458.8,0,2,2,0,0-2,NA,NA,1541.5,NA,2026-06-04T05:40:43Z,NA,NA
2025,171,Morgan St,FCS,1455.7,0,2,2,0,0-2,NA,NA,1519.5,NA,2026-06-04T05:40:43Z,NA,NA
2025,172,McNeese,FCS,1455.5,0,2,2,0,0-2,NA,NA,1488.7,NA,2026-06-04T05:40:43Z,NA,NA
2025,173,Charleston So,FCS,1455.4,0,2,2,0,0-2,NA,NA,1560.7,NA,2026-06-04T05:40:43Z,NA,NA
2025,174,SC State,FCS,1455.3,0,2,2,0,0-2,NA,NA,1577.1,NA,2026-06-04T05:40:43Z,NA,NA
2025,175,Bethune,FCS,1455.1,0,2,2,0,0-2,NA,NA,1657.1,NA,2026-06-04T05:40:43Z,NA,NA
2025,176,E Texas A&M,FCS,1455.1,0,2,2,0,0-2,NA,NA,1602.1,NA,2026-06-04T05:40:43Z,NA,NA
2025,177,West Virginia,Big 12,1454.8,4,8,12,0.333,4-8,Houston,1618.7,1600.1,NA,2026-06-04T05:40:43Z,726.8,779
2025,178,Gardner-Webb,FCS,1454.7,0,2,2,0,0-2,NA,NA,1595,NA,2026-06-04T05:40:43Z,NA,NA
2025,179,Lindenwood,FCS,1454.7,0,2,2,0,0-2,NA,NA,1455.2,NA,2026-06-04T05:40:43Z,NA,NA
2025,180,Maine,FCS,1454.4,0,2,2,0,0-2,NA,NA,1465.6,NA,2026-06-04T05:40:43Z,NA,NA
2025,181,Murray St,FCS,1452.4,0,2,2,0,0-2,NA,NA,1459.4,NA,2026-06-04T05:40:43Z,NA,NA
2025,182,Saint Francis,FCS,1451.7,0,2,2,0,0-2,NA,NA,1407.6,NA,2026-06-04T05:40:43Z,NA,NA
2025,183,E Washington,FCS,1451.2,0,2,2,0,0-2,NA,NA,1585.9,NA,2026-06-04T05:40:43Z,NA,NA
2025,184,FAU,C-USA,1450.7,4,8,12,0.333,4-8,Florida A&M,1470.7,1531.2,NA,2026-06-04T05:40:43Z,271.2,766.4
2025,185,C Arkansas,FCS,1450.4,0,2,2,0,0-2,NA,NA,1571,NA,2026-06-04T05:40:43Z,NA,NA
2025,186,N'Western St,FCS,1450.3,0,2,2,0,0-2,NA,NA,1542.9,NA,2026-06-04T05:40:43Z,NA,NA
2025,187,E Kentucky,FCS,1449.8,0,2,2,0,0-2,NA,NA,1577.2,NA,2026-06-04T05:40:43Z,NA,NA
2025,188,Wisconsin,Big Ten,1449.8,4,8,12,0.333,4-8,Washington,1628.7,1645.6,NA,2026-06-04T05:40:43Z,741.4,776.7
2025,189,Campbell,FCS,1449.2,0,2,2,0,0-2,NA,NA,1616.4,NA,2026-06-04T05:40:43Z,NA,NA
2025,190,Lafayette,FCS,1448.4,0,2,2,0,0-2,NA,NA,1349.8,NA,2026-06-04T05:40:43Z,NA,NA
2025,191,W Illinois,FCS,1448.2,0,2,2,0,0-2,NA,NA,1574.8,NA,2026-06-04T05:40:43Z,NA,NA
2025,192,Michigan St,Big Ten,1445.9,4,8,12,0.333,4-8,W Michigan,1643.8,1584.3,NA,2026-06-04T05:40:43Z,571.3,771.4
2025,193,Wagner,FCS,1445.9,0,2,2,0,0-2,NA,NA,1469.8,NA,2026-06-04T05:40:43Z,NA,NA
2025,194,Duquesne,FCS,1442.5,0,2,2,0,0-2,NA,NA,1510.2,NA,2026-06-04T05:40:43Z,NA,NA
2025,195,Stanford,ACC,1441.8,4,7,11,0.364,4-7,Florida St,1503.4,1589.9,NA,2026-06-04T05:40:43Z,347.6,804.9
2025,196,Coastal,Sun Belt,1440,6,7,13,0.462,6-7,Marshall,1485.4,1518.9,NA,2026-06-04T05:40:43Z,365.7,925.2
2025,197,Weber St,FCS,1437.3,0,3,3,0,0-3,NA,NA,1655.5,NA,2026-06-04T05:40:43Z,NA,NA
2025,198,Buffalo,MAC,1437.1,5,7,12,0.417,5-7,Saint Francis,1451.7,1473.5,NA,2026-06-04T05:40:43Z,284.6,867.2
2025,199,E Michigan,MAC,1435.2,4,8,12,0.333,4-8,Louisiana,1475.6,1478.2,NA,2026-06-04T05:40:43Z,176.4,755.2
2025,200,Portland St,FCS,1434.9,0,3,3,0,0-3,NA,NA,1633.6,NA,2026-06-04T05:40:43Z,NA,NA
2025,201,Air Force,Mountain West,1433.9,4,8,12,0.333,4-8,Bucknell,1474.9,1526,NA,2026-06-04T05:40:43Z,230.1,756.5
2025,202,UT Martin,FCS,1432.9,0,3,3,0,0-3,NA,NA,1398.8,NA,2026-06-04T05:40:43Z,NA,NA
2025,203,Temple,AAC,1429.9,5,7,12,0.417,5-7,UTSA,1587.1,1558.7,NA,2026-06-04T05:40:43Z,453.5,867.3
2025,204,Colorado,Big 12,1428.7,3,9,12,0.25,3-9,Iowa State,1604.9,1591.3,NA,2026-06-04T05:40:43Z,441.6,642.9
2025,205,Liberty,C-USA,1428.5,4,8,12,0.333,4-8,Delaware,1491.4,1510.2,NA,2026-06-04T05:40:43Z,280.4,755.2
2025,206,Kent State,MAC,1425.6,5,7,12,0.417,5-7,Merrimack,1466.2,1484.5,NA,2026-06-04T05:40:43Z,203.2,857.7
2025,207,Virginia Tech,ACC,1420.9,3,9,12,0.25,3-9,NC State,1607.2,1604.8,NA,2026-06-04T05:40:43Z,510.5,641.1
2025,208,Akron,MAC,1414.9,5,7,12,0.417,5-7,C Michigan,1479.2,1447.9,NA,2026-06-04T05:40:43Z,330.9,855.3
2025,209,Arkansas,SEC,1413.8,2,10,12,0.167,2-10,Arkansas St,1504.9,1603.6,NA,2026-06-04T05:40:43Z,278.4,499.8
2025,210,UCLA,Big Ten,1413,3,9,12,0.25,3-9,Penn State,1630.7,1630.2,NA,2026-06-04T05:40:43Z,488.8,637.2
2025,211,UAB,AAC,1412.2,4,8,12,0.333,4-8,Memphis,1550,1540.2,NA,2026-06-04T05:40:43Z,447.2,751.2
2025,212,South Alabama,Sun Belt,1407.8,4,8,12,0.333,4-8,Southern Miss,1472.6,1506,NA,2026-06-04T05:40:43Z,262.6,744
2025,213,Nevada,Mountain West,1406,3,9,12,0.25,3-9,Sacramento St,1559.1,1533.1,NA,2026-06-04T05:40:43Z,277.6,628.7
2025,214,Syracuse,ACC,1400.9,3,9,12,0.25,3-9,UConn,1587.5,1596.4,NA,2026-06-04T05:40:43Z,592.6,634.1
2025,215,Ball State,MAC,1400.8,4,8,12,0.333,4-8,Ohio,1600.7,1493.6,NA,2026-06-04T05:40:43Z,526.1,747.1
2025,216,Tulsa,AAC,1399.4,4,8,12,0.333,4-8,Army,1561.3,1494.5,NA,2026-06-04T05:40:43Z,361.5,742.5
2025,217,Wyoming,Mountain West,1395.3,4,8,12,0.333,4-8,Northern Iowa,1472.1,1505.1,NA,2026-06-04T05:40:43Z,246.9,737
2025,218,North Carolina,ACC,1390,4,8,12,0.333,4-8,Richmond,1473.1,1532.4,NA,2026-06-04T05:40:43Z,287.1,735.5
2025,219,Rice,C-USA,1388.9,5,8,13,0.385,5-8,UConn,1587.5,1551.1,NA,2026-06-04T05:40:43Z,573.6,807.3
2025,220,Boston College,ACC,1387,2,10,12,0.167,2-10,Fordham,1472.1,1564.7,NA,2026-06-04T05:40:43Z,173,487.1
2025,221,Colorado St,Mountain West,1386.7,2,10,12,0.167,2-10,Fresno St,1612.9,1559.5,NA,2026-06-04T05:40:43Z,389.3,493.5
2025,222,New Mexico St,C-USA,1384.6,4,8,12,0.333,4-8,Bryant,1480.8,1478.1,NA,2026-06-04T05:40:43Z,180.2,729.2
2025,223,App State,Sun Belt,1382.8,5,8,13,0.385,5-8,Marshall,1485.4,1499.1,NA,2026-06-04T05:40:43Z,284.2,796.8
2025,224,UL Monroe,Sun Belt,1378.1,3,9,12,0.25,3-9,Arkansas St,1504.9,1506.5,NA,2026-06-04T05:40:43Z,256.6,615.9
2025,225,Oklahoma St,Big 12,1373.4,1,11,12,0.083,1-11,UT Martin,1432.9,1573.4,NA,2026-06-04T05:40:43Z,82.9,317.6
2025,226,San José St,Mountain West,1373.2,3,9,12,0.25,3-9,New Mexico,1598.3,1520,NA,2026-06-04T05:40:43Z,613.6,622.5
2025,227,UMass,MAC,1372.1,0,12,12,0,0-12,NA,NA,1482.7,NA,2026-06-04T05:40:43Z,NA,NA
2025,228,Charlotte,FCS,1371.3,1,11,12,0.083,1-11,Monmouth,1483.4,1557.7,NA,2026-06-04T05:40:43Z,133.4,319.6
2025,229,Purdue,Big Ten,1368.2,2,10,12,0.167,2-10,S Illinois,1470.5,1627.3,NA,2026-06-04T05:40:43Z,171.3,480.6
2025,230,MTSU,AAC,1368.1,3,9,12,0.25,3-9,Nevada,1406,1478.2,NA,2026-06-04T05:40:43Z,90.6,605
2025,231,Oregon St,Pac-12,1366.6,2,10,12,0.167,2-10,Washington St,1591.6,1558.1,NA,2026-06-04T05:40:43Z,340,485.4
2025,232,Georgia St,Sun Belt,1356.2,1,11,12,0.083,1-11,Murray St,1452.4,1551,NA,2026-06-04T05:40:43Z,102.4,314.7
2025,233,UTEP,C-USA,1342.8,2,10,12,0.167,2-10,UT Martin,1432.9,1485.9,NA,2026-06-04T05:40:43Z,82.9,467.9
2025,234,Bowling Green,MAC,1333,4,8,12,0.333,4-8,Toledo,1631.2,1489.6,NA,2026-06-04T05:40:43Z,480.2,711
2025,235,Sam Houston,C-USA,1326.1,2,9,11,0.182,2-9,Delaware,1491.4,1492.7,NA,2026-06-04T05:40:43Z,158,489.7
2025,236,N Illinois,MAC,1287,3,9,12,0.25,3-9,Holy Cross,1492,1508.4,NA,2026-06-04T05:40:43Z,214.9,574.9
